/*
 Navicat Premium Data Transfer

 Source Server         : demo
 Source Server Type    : MySQL
 Source Server Version : 80031
 Source Host           : localhost:3306
 Source Schema         : weblog

 Target Server Type    : MySQL
 Target Server Version : 80031
 File Encoding         : 65001

 Date: 02/01/2025 17:51:55
*/

SET NAMES utf8mb4;
SET FOREIGN_KEY_CHECKS = 0;

-- ----------------------------
-- Table structure for t_article
-- ----------------------------
DROP TABLE IF EXISTS `t_article`;
CREATE TABLE `t_article`  (
  `id` bigint UNSIGNED NOT NULL AUTO_INCREMENT COMMENT '文章id',
  `title` varchar(200) CHARACTER SET utf8mb4 COLLATE utf8mb4_general_ci NOT NULL DEFAULT '' COMMENT '文章标题',
  `title_image` blob NULL,
  `description` varchar(160) CHARACTER SET utf8mb4 COLLATE utf8mb4_general_ci NOT NULL DEFAULT '' COMMENT '文章描述',
  `create_time` datetime NOT NULL DEFAULT CURRENT_TIMESTAMP COMMENT '创建时间',
  `update_time` datetime NOT NULL DEFAULT CURRENT_TIMESTAMP COMMENT '最后一次更新时间',
  `is_deleted` tinyint NOT NULL DEFAULT 0 COMMENT '删除标志位：0：未删除 1：已删除',
  `read_num` int UNSIGNED NOT NULL DEFAULT 1 COMMENT '被阅读次数',
  PRIMARY KEY (`id`) USING BTREE,
  INDEX `idx_create_time`(`create_time` ASC) USING BTREE
) ENGINE = InnoDB CHARACTER SET = utf8mb4 COLLATE = utf8mb4_general_ci COMMENT = '文章表' ROW_FORMAT = DYNAMIC;

-- ----------------------------
-- Records of t_article
-- ----------------------------
INSERT INTO `t_article` VALUES (1, '我们的', 0x89504E470D0A1A0A0000000D49484452000002A50000024908020000001C3CD99C00002000494441547801ECBD0B585357BAFFBFB580F152A5B614111D62B196A2A730B582979E06AB16AC8E6406CF10EB28A96D69EADFE364988E46E654A33D87321E4B53EA5F53A6A341AB8419698353DB60BD249E8AA0F54CD2A3342AD6305E20C562B4A811507E6BE7BEC32D815003FBBB9E3CEC7579D7BBDEF5599BBC7BADBDF6CE80D6D656CA11EAEA1B1E1A3ED491C2110440000440000440A09F1018D84FFA816E800008800008800008744C00FEBE6336280101100001100081FE4200FEBEBF8C24FA01022000022000021D1380BFEF980D4A40000440000440A0BF1008FAE93B5295232BDEE0D1ECD8744B5AAC475EFF4A56E60CE2D1BD6ED55A9A127BB36B8E86DCDBE8F546DD1BA38E97AC7BEE22C9893D224E4F6094F839E168C85D6DAF37EADE58FF8E5F560AA2852A4AAAB5487AF58CFDC928369C28517CFAD9E113671B6E51D4D4357F7F77FEC89FAC6D3404020140E03EF8FB00E8354C0001106017811F0FAD4F7B6B7F13BB3A8DDE820083C07DF0F7B1D9E2F5D90E232E1FDE1CADAF77A470EC3981C4EC3B1617DE6041F44055CF9506A68684B4F516A765DF6B17EF3E54E24C220202EE041A8E9511671F32ED771F662F983032C4BD087110600B81FBE0EFFB11DA81A6E30F6CFF68E01747A9CAF374B7126751D3E6DDFB655A4B62B8EBAD06B6FE32DC703F42D04E57186EB89D72647912B05FF5FEB477B54C1AC5FB4A65D9179AD3268A0A8FE13D3975B220257D6E4A5C38C7D3BEFE906E6A21BD989CC483B3EF0FA3893E748F00FC7DF7B851943948F6CA03927D8CEA9507A9CA830365E6072CD9F4B70B0208042601CB4919FF57120D71F4F6603268C947A3C8E32BCE2B05918EECFE731C1911455115FDA73FE80908748380DFFD7DCBB5E3FFB3FF23C385A3776E5BA7BC83678D1C336FEC8CF499E31EF6D5BC3BF5C7CB8F7C7CEEBBA3B71A4FD3758378239FCA4E99C77BD4D3E896EFBF29387044F97DFD716B1313070D9B3C3276D6645EFAF861EE6D7A29E65EA5A3786350EE8207A4A4B9682A37EFAE907737944326F403CDA6813ACD4085E36BB49DAD7369F76A763587B7516B2A1E149541516BEF5AB2EF9AB4C1EFE40FF8741F45D4C4F05A737734A5B82A0C301D0F6ABBA220486F8EF7192F316200A3AD79ADA2957745BCBB6DACF322A39DAD73C39F3FBF8CE7EE396CB3D8B573D6AF1C52B66A5FF93E6A4C5EDA6B6911B7F5EABF2C33D45B863CBDFD37A90943E8C6DCE6BB3F3B7D58B5F6F4B97D2D547450C4E284D45509119EC3EF857914D562D297FD57E5FF96DE6A2158270E19F34AE2C2CCB8879CAABCB7CDDA5A17DA985D98606DFAFF0EDE22FF1141092327FC71665AF258BA657B379DF65F2CE6C89C098AF200D8724D7B604F41755D490B7D2D191E346CD2F0886EFE67995479C4D9278A0ADF97A6C6875AA7F316B3C9A83FAC2ED1B53FB93769E4FF252F3AA822EB58DC04A1F08F124932D769AAE572A5AAB84855A639A63510BAE11393E62E96AC5F9914EEC44B44DD76FF3D715A99BB36B7689FC1149D285CBC46B22A85EB2E4984E9E664F2523551173E31E597AF88D76432B539DBF63A329A3B99A28E19C946D230AFEB401004FA17018FFFB31E76AEF678966ADF963BEE5A6E1F6C3877B021F8199FFD7D7DF1AECD1937DC55B5681BFE57BBFBC7B2377EC31BE4CAB7184A5E507F63F3F4B6DCD3771A4FD71EDFA11F973E3ED629E7A59853BEB3C8C0CA7CABB34F68D5EE6D4E0C752EDDDF0B0DBF97944E257556B7F3B201BAFC90D455B4A7B705837680D9B552F0803A2B88BFC551663DDA5614429FA17CF7F70F68D606A56C746933EC1B20DE1754514829D2BBE5F25D9A3A8DB57CAF5DA92FDF4DCB5CCA3AF2CD33632B1718EAE90EDFFADF7F3FF454E5FC716EB5EB4A76942C6EB00338DF52BBA15C5E7D73C5B699BE7E635F3B58FCE1BCDADB4ECDA76F5DCA3A2CFBBAC1539577B679ABCDDA9C45FFD9E605D5D71C23DA72BCA12AB5A4795FE66F6659AF6C9C267511B9736EE3B68FD7BAFD67995A1A4DDDFCCFA228A391DEE83077517A7CA8A35D4E2859D217908F23C375BCA697F11748D48E2E188F2BA4A95F98F79DC99D65BD36B8AC14D2DBF85DC1745AA3C8D67C61569FD990D4E6EAC172A14494B15861B4899FAF546CE07F51ADD06E13701D0ACC07A5A9F3722B1D49D369B53C4BFDE9D70C1947A10FC788311328EAA4B1B681A2B02BDF076E10ED4F04FCE9EF2FE4DB9D7D58CECCB4653111A1C42BB7DC36D7D7694FD57763F619C4199317337B5EFCD8A821B49596866FF28A4B36DC39A73550BC38E718B41CD5D3CE3E212275E72F9EB24BDE6A345D395B71FD21A710B1C33B31B71A1D47CD0F14599F27946E6A7173F6EDC833EED91F0FE13C37A01D21F7AC0F07A69AA8B97977254BEF7287B51A770F8A59E62C2697027667CFCFB997BBEC2E37F41E99A05BCC030DDA81753EE31D60DC6D75F609AD8A0FEE0AE2EE522D030DFB825E4F1FA05CF58020F96E8AD30F38DBEF3CC2B8677FBA98F3655547F27FD11F8A1A9B56973A789BFCE3ECDACF97D453AFCFFC43F6A3C7D38BB5A5DFFFD3448D732D665CD42EA6C8B994BE3C2E8CD3D2A83FFCF182D3B5BBF525A971A2545FBEB26B0EEFA29DFDA071857316A68D1F16D472FBCCF1E2D78E5FD8ADDF973E59983CDC65A937B679AF8DD67BB1740115F4ECB8B49C39B1E4E4B4D41EDF50B22FAFE55CA9AE71D6F4619133575866D2526EEB19AE2B54BAC0112CA72A69673FE8F1527EDAAC88C1F4FFC39DDBE686BA4AC38F3E0F3DA93B8822904DAA2FB4A2445E9723BDF5F505A6C1CFE6AA734449511CCA62526F48E5E7E964A51AC92CDB69C2E12E93295F4F497A826B5D2AB098B5B2D46469E5468D7E4352A2A3078E63AE7031979FA3D62E4F22DB04CC7A85788148B95B989B9A224FB55A52A314D1CEDEBAF690161F1A4459CEA824AF09E4BB57CBD25364C95D5AEB68A7CDB1A9097BF3DB404106CB080CF45B7FCDE50756D1F38F88C2F415597156674F5241834323C6A5CE4988F6B99DB0B4975E5B3E7D9CCD8593DA9C914FCD7E94D672A6C17D3FFFB5AB37E9CC67C63DE9921C322C6AFCD3E99323E8027BF052CC21DEE9B16A809C94C7B5A624108FEBD760A2DE38D42C5FDE429C3DD13BF80137E5E620C52A3A29286C5166355B9D3D49B57242EFC6A736A7F88AD712A458436B936F6FA69D3D0941F762525BD6671137304073D27F6705AD9A194C43A66F4F7B2A342834929EE0DEA6B8E9D971C3A88851B64B38D76206291CF4F8BEA5E45C0AA3278941C3E2E6CC5F47AFEBD41E34349283B7E1CE377FA11F007968CB7C21B9BF437BCAA0C14F4CFFCD3AFAECB8A03DC768B06BDB7CD166B57070C6BFAED8956ABF12E54424A4730793FCD2FA5A6BA9B77F7EB861A64547C4CEB0397B121F44FF6725CF7CCAD7A1A7F5C40B360AC2295D6E725C7C46AE526B705B43A28B99C1C4CD5057EC12D3CE9E044E784ABA209E444A75463A4D5191FCDC2D227E9CCDD99334279437732E5D60B870993E3043A2645F85328B76F62484C609A5EB92484471B0C2DA418BE62FAB551495B2A55046D61EAC9311CE13FCDC7562725ECAB53AD7D318746D1F4253C3D992BF91358D887F79CC972B451F5A802808F40102FEFB66AFAABD44FA1B377E56BABB9FED190272C77D47B17CDEE6B739B275E4637D8B8B87C6B067C6D2F3F82DE59B169768B5171A19DFDF2E592FC55C153A8E992E5AA7E9E35BFDD74F4763D9F724D35DD710E1E9772C963BF6CD538E8B0CB15F16DB4F0FD84E966767DD4B8A76DE8C2036DCE34EA22DD19CF6DF59E1E899EB983579969B8B8AF8FDF471AE328FD8A34FCF627C3B8F9964BDE0F3CD595E385748D40E7A9237D65D7BD0F847E9D3E660ED45F7DCAE6DF3451BAD79EC8B1B26BBAF33518F0CA5F794985A9ADDDBED321E39FEF16422F47D69E2B6E262FDA51F3A38CBBBD4E310E0A62BB4A5527EB4C9502C1526C78F1A16C35F29531E37B5E750251B3724853A2AD2C7474671C95F1375874ED88349AB9064A6F02672AC812775E4B739CE9D3B8BA18C3B298996B15F3D182A0AC97999C4E771E94C47E08C8FE793F8419DC191E3FDF1D4961924CCFCC5CB9BBF9D9426FD20E349EFAB421204FA1B01EB25B43F3A557FF13AAD66FC50C67F730F34DF3EF365E1AF4ED79EEF4A45F49C8C7D373E5A76B1B1E4E221F2A1A86199E3127E336D4602735B9F97625DB5D6BBE541EEDE97D1947F2F324CD503C8D72A7570600C879E317B049D2FD3678FBA5D278771DCCFB98722181EBD8BEA9123C3A88BF53E39CBCBB5B57457EF944F9495B7D5AEBF73DB3DB34BDB7CD266D5ECDE59F7A67C8C8F4DDEF6AFE697FEA74A7BA32AE37015753828F9D1D897E29E4F9BE8DA72E8A3466EB244795A6C3AAEDAFED156C58E4A7581847CC2E7E596168AE319DB5CDBDC82F768A8D1A0C8E28B76183DB2BD4D4672892F57D9AE1E2E1B74F46069441339A2B6F5F516F72B8CB6E5C8010110E89C406FCEE43A6FB9F352CBE9BD4B69673F6CE5C4F433CB248DE2F516F1FA238C299A53C143B3D2FE703E537424EEA9CC2141E15463C18543CFED7E27F37FDC97FD89B097624EB51D45C2C75ABD72F500DF96643B52877CEF095CBDD9AB9722DE1B721F241F9E9C5EB6427266CEF3398F3E34916A29FBFE9B8C2F65713BB4353DB185139E2090149005FD1A6D8138299C32ED93A466ABCD3EA8B454E60B89B30FE789E5470C75572DD6A0957AAFE16A9DD17B61DF25272D3F4AC2E1BF7F9839E65489F4CDC273BEAB400D10E82F04FC34FD200FB98C1D415137A8AFE89BEBBE6E9F6E0BB3E5E8A92A3D452D4D7863E374C664A3ADA82D27684844C2CC34F2C9BF515BFAE5C72B2F36EE38A94A8D7B6D9EDB6E2C22E9A55847ADD8F29F6815520314FA01CA8303E367B996DF3BAFD4C352EB45C600EAAB0146F2BC530F7591FBC08F904B960154EA3D437133B7C7DA7E32052D576FD2D3F15432CBF73A3C3C9C2C38D553437867329F8FF2BA564782FED5D6512B1DE6070D8E9AC8CB221FAAF17CF9BEE5C7ABB40D87DE2D9F9CEFDDFF48876AE9BBF2894B73D53362F81345EA02DD99FC94C44E84DD8B2C159F6ED05194F0FDDDB9FCEEEC1CA42C57EB487D2A954B9FD50F5BEF14507CC519A5A0E783E56667C8C8498B96A515FCBEE4FFCE36508FFBB2A4E4A6045110E8EB04FC37BF8F8D184360982E1E29F6C3BCD7BEBD8E3B82E1ECBDBA6B393C22356DD11FE965EA3B8DEDDD8EB48F989762ED8DEFC37705D6AD73B265C18A33FE03D85E53AEBCD8567A85D334606BF103AECCEEC638F1E49285DC341DA8396FDD8BD05D3DBD5CEF8E85319D6F386E3DB506CF18EB83BFE78C7B6C2931F3D637071977EABB69B97FB575D308BADAB0E8E9E9F9318349EC07E62D891EE8A422B931BE56FFC1363BE746309D7DC7FF7875D718636A5617CB489BF13362B8E4C0899F4A0F964A79D0480EFE0D212121FE55086D20D0E708F8CF5D854E9FBD91F6B2B519C5B28DC72F996ED9BC734BE38D5A7DF9BE920B3EA1091B47560B28EAC3CA32FD0D5A8FA5E14269896C91F52BBBFA86DB76E2EFB5CB0BFEBCA5FC42CD8DDBF6F66ED51EFFF2C0C7F49DBED0515625B4222FC568512FC2BDA45577A509F49625515CB0202FD8607260B40C34EA831505C1F45D48FF86D016E1465AA3322388BFD1ADC546BA4579898FEB340FDF156DA0B5891684C8CA824C8D0EAFDFF880411B2CCBEF05FBE9D67C0DDF97BEB85BABB73E7FDF72E3C23655D90EB2B831F2F9C5E37D513432E1F571C42F5E5B5EB239CF755A522DB7AE9DD16BF33EFB5FDF86CABFDA1CFD888C88A0A7B7178F6CABBEE67095E41FC77E4A93F589921DB295EA727D6DA37D3F6ACBED9AD3651F5EA0573BA28733F6033A54767624AFBE99C817E72935674C16DB7F0D6531D76864AF8888EF0D5F3535AEB3CACCB2C871F1B4E55BB76ED359FF2B2D66BD4A9AF6EB5C5ACA68AC630AD32939FF45B1526FA67BD962D66D13FF961E53917471BC553434E575692245A997A708F2C8CB769C2C2CA6331A659ECCF90E00ABB06F7F6A2F9D2515B83EED17F1AD05488340A013F0D14F74DA9D712BF9F38CF423F8D7D696FF792D7377D4DA39F33AADEB599830FDF9978A0FEDBE519EB8CDA92868E9A363F4DF5FD25FF878988C22AF69CB9E48D7BA4EDE9D725C91459EC16784A0A59393DD5FCBE3A5184347C789612D924F07585E1A98ABA554D903C987214A5EA297C9C8F047A2357E658BCA483F82AF5E3B907C183AD7DEA567FF3E847BF1AB5A94D541821D9424F50109C55C3348BBB7C80755BD273A68D8E0EF0F25EE207B309D21226F4E02732AE92CEA28123439F5955D3BE48B1BEAB3CBFF9CED3C9B6CE2C39F4FEFA85EFBF9FED5E66823E6E9DF1FFE66D59DDAE59FC9963BF2DC7F50B8A5E55A81A18C7C5C85D658F4C8E75F99DC9DFFE1F36A7936F978A8A3C279D2BFAE6AFB921C4F31B7742279B46F6B8652B97CAAD26979B4509CA99315E8A4333852CF9FD34D4C1AFCA93051EEA6812BCC13A738C694335952B8CB98B258A1CAE6AB3CCDE32B7C1C2CB756A82BC693E4FDF9DC08F73CC441805D04986EA3A77D8F48C87B4D6CDD373738DAAE2B8837644C4E5CFA2B4FF8A83B82979F9ABC7638D97F4742D0BC4713CA5E5A53F0D26F0A62C288970F0F0AE3DA6ECC3F3A233F35B560EC98B4413649FA3DA3698F2694A6FDAEE05FDD567DBD14F3C5C6879BA565CD3547EE499752898ECEC6F02851CE3DEDC6BB56AB7DD1E695ECDD94BC26D2626E669B165FB9EB950286D05D7E41534DD93DB19BFDE4F77EC405F774F92DBD633FA3792F128FCE2B713F07229E3FB94C94D69D2FECB0B4A56B6A664ECF1A398CACCA584350C2A088AC89A9FA8533DCDFF8EB854D44C4BFDA6C6D8E5B999E96F76818CFE5BB07CF1A123AD46E5058DAC2D74A27C6660E1966BDC425B9F4BF55DE74D1D1A5BC6EDCE78E1428CE54280B24A2B4A418DB4887C724A589728B75FA324922E3169ADD804E0EDC747959B15430915644DE7D2BCA53D7E8E5B93972593AD11D1E936EBD31EFAA3F777D499972ADC0DA6E78CC3CB1E264853C8DEB2A2753F034B9A186BC534F989460CFE7262409B3E42ABDBC072FF66FA8A5373686502EC0EE6D220E02AC2030A0B5B5D5D9D1BAFA8687863BBE639CB98880C04F4CA0CBF7CDFDC4F6A0B99E13707B7F7E62CFB5F9ACA161FFEA5FACFFCAFA7BB82F4E1839C4E7FAA80002FD80807FE7F7FD0008BA000220D0FF088C9C96FC4208D574ECBD977F31877E03CF8CDF7FD6D0FF7A891E8140A704E0EF3BC583421000817E41E0C1E7D7ED55AC5BC4C3E4BE5F0C273AD12D02B89DD52D6CA8040220D0D7083CF8F80B2B725E58D1D7CC86BD20E02F02B87FEF2F92D00302200002200002814B00EBF9813B36B00C04400004400004FC4500FEDE5F24A10704400004400004029700FC7DE08E0D2C03011000011000017F1180BFF71749E80101100001100081C025007F1FB86303CB40000440000440C05F04E0EFFD45127A40000440000440207009C0DF07EED8C03210000110000110F01701F87B7F91841E10000110000110085C02F0F7813B36B00C04400004400004FC4500FEDE5F24A10704400004400004029700FC7DE08E0D2C03011000011000017F1180BFF71749E80101100001100081C025C0727F5F952B5BC291AD579AFC3F4226CD7A0E51FE495597AA2B3F2136787C0A2BBBACD617042A733824088ADBE37B3C972EE370728FF7859EC04610000110E8E30458EEEFFBF8E8C17C10000110000110F08E4090776290EA450289BFDA6971AA371D101415AA9C494440000440000440C01F04E0EFFD41113ABA41204162B148BA510F55400004400004BA4100EBF9DD80862A20000220000220D0C708B0CBDF9B747BC405A228B2392E7F8568AFDED4D4DE68DDBB693CE110932D89D9F29658ED29D9FE5E3CB2144F6FBB6BBBD5EEA6E1E847C2CDCBC8A6BC982DEFE49EB8D25EABDEE6B9BA205B165FB049AEABF7B6665BB9CB4A8175C31CBD37D0A491AFE4C747D1E9A8C929927DAE1D7696CB95CA3CB120D95648978AF234A696B6EADC95C4F032651A970E87B0638F1EDD8C3D0894971DA5CEA3BB61CE4CCAA45C4CD7F1D8DF67D2CAC58B7931366D51F129F344922D4ADD0FAE6AF658FD676FCEB085CDA7DA14220304400004FA3D0116ADE71B35EB79BA6ABB0FBA775DF1DDA62F76707FEE31C2F7EA551FAF1634343BB38D4D46B96193FCC26C6D4646E21067B6F71173E5275B78FFBC6EAB606CAA921EFD0FC3CD3F2992C2BC576197BC775DB3E78F2957ECAA28AAD9704B2FD6ACAE30774B9B5BF3D7F432FE0289DAE19E4DA735C64647F165A5305AE8BE9F80942AB2355F98D5673624711C52F4B146297C4EE878D2C158B9439252A649897797F07BDCA2DB983C756DA54BAFC9A0219F838AD06704F10FBBB21103011000011060CDFCFE6C5106EDEC4788E2D7D52DDF6959B9AD26E9C569B78C6AE629603CB08976F603B9D2A43CF3CA9D16F1CEBA1733448328EACE815FFFF580C32132EB749EBAF4D1AF2F3D946BD3B67C7345ECF870AA59A9FB48D5D079B5764A8D1A19EDEC074D51BCB899186659BE4D37654A22D1F64D91FA463BF25E676D7D7D81C4902CD39E315B4838A3E0336A72B8CB64CA4A439DB5D06231D7954913C94C7EA346CF10D3C996D0CE3E71B9A2E232ADC67C5E9DFBAC415DC610A2E87BF6CEA095320B7D4E592A94B4B34F94941ACC8D36B5E6BA3A4345A9622A9CBDCF3451010440A09F136089BF6FD6E8BE249E21FE67CB7393C6878650D4C0E0F0F8454AE11B22F7F1BD57A53490C5F660D1943725F1611C2B9BD009B365BF5C445CA0C9BCA7E8ACBBB477F1E029852FBD2DB6690B1911FFC26BEBE9497195E6CC4DEFEA3BA4EE9C509CAAA6A8D1F2792B051346D0B921C13133DE583F8AA2EE9DD09C752D48382A787F34715FD756148812A3ACD3758F159F487EEE16113F8E1B6A9FCB73427933E7D2BA0D17DCD6E12D5AD57BE431FA38E9C61CFBC49A139924DE55A15AEEBD19BE4BFE5067A42BFD7CEA0C2EC76E362734941B9F2C488A6EA32D6CFEA6A3B6B062529B42648000088040BF27C0127F5FA3BB4A3C62307F42ACDD6DD9067678287197AE50AD57DD23A929FCA7AD0ED559308A277C84246E565CF1FD6679382F89AEEB0CA39F7C948E7F5A5FE3CCF22A72A16A3BB18D333DE967EEE2C1DC47B924ADF9DE476DEE3A28C9C6ECC450674EA44069B128D3C39D192462D22A249929BC89B69BE43CA97B99356ED0D37703C253672632F8863EC4E87B9B6A3DCC889C9A924C54C8F98982DC628DA1ED3DFB1EEA477510000110E847043C6673FDA867EE5DB9F1BD91DE9A17C5EDFCA67953938E480D8BE292057C4618FA90F5CEBDAA81F8FBCE5530AAB59BE08E1C4FFDB3BAFDFD6EED56B0669AEA8CC4A152963D31B23D6DA5749676771EB6156C3787E1A23D251A0D8A2CBE6887D1339F9136D755D3E4A6457319D9BD9EE00AB7A98D2F65E46A55D20C9594A2B8C922D14B8B16A52586B3E3BCEE75C068000440A01F1160C7FCFEF6ADBA8019B3DA5BB501634B9786582AF385C4D987F3C4F22386BAABB67BE46DEFBBDF31DFAFB9F5C349D2B21AF319AD2247943231DC58269764F0A2E244AA9EAC777449050220000220D00709B0631E143A824B8F4D0BD5DAE9108584C45394AEB1C67887624EF16F5EBB4557E48FEC7472DFEACD24BBD97C83BE73CF0FED5415E569E98861E4364035356C91E1D517B9B42D3F49B0547CBA814CDC85EFEFCEE577B6036EC4A828AB3D776FF7A659B7C900B61B385189822CF29199CFAB64CB7F9BAB5508DEE5D7E5A784B62B8D4C1000011060250176CCEF0745C6D08BD646CD79E7C36CF4685B0CFA0AF7511F1FC7A7799C50FD2F438CAAD32AAE92FCA15347339DF43DB75D724D5794EA3D2A776DB6F81DB3C53DB3A15C492F350C9D3A86A9CA5DC61A1FC0CCE13C162B24398D5ACD3F9905BD9AB26F88E346309D3DA347B4011CEEF82472506974663AE9088DBA63958E78778E8C768CBBA5AB4BBBD0121ACD97E6AF218F0F503F98EF74218B621000011060170176F87B6A74D2F8D16460152765CA7F5A9DF49DFACA03F9C9EACFD5EEC33D30561043C49AE52736E5EAEA2DF4DE3DCA7CF680F8D322E2C8C343172E9A60970E1F1949C7AEA89497E8A3A54E9FBBE33F84B7E8E501CF60DA9A5C7440677BA0DF5CADD85BA820AA1E592A74A8F294EF283D72BAE831B28BF08A48F596EC84D1645D6FA0656FD51B7407649F9DA0EFEEFB3D448E8BA7F7ED6DDDBA4D67A6E7D616B35E254DFB752EDD90D1485FB8D80397274821D11DBF15EF365ABDB4C5745C217E71AAC4E3793C877C17C7C87131B4C4F6ADBB8DF4D162D26CE4F3961922E2E89433984A44FC957295DE686EB4E7596A2A151F16916B8CF0E851CC2D971485F7ED38C121020220C04A02EC58CF273BB9FE35437AEE1DE99D6AE127CB84F6910E163EB368E6D74556EF65CFE2CE7E535947DEB763946AB2A41A7B267D1834FBAFBF9EEDDAB3FEC474E9575A6953B570CF12A14D6A60AC32294E79A848674B3AFEC60FE352A6C2A93B0A1D19E451C0D8F7674F0F75A5BD8C05C7CF5FA7A4DF0564941C7D4B7294596B78C62266869F5289828D82AD194AE5F2A94AE79375D14271A64E56A093CEE04829A9D622A1E7D3D102E986EDEAB595CA6531CA65F6C6B94B958AD902614E376C899BBB363E7783CE4D1B57B8AB30E9139ED0FDA9FF16B3BA40AC2E68A33F5AF8FE2BCC7701B511410608800008B08D004BE6F7C461C74A32DE568C1E1D43F7383866C874C5FC0FE4CF72391E033E308CFF9B0F0C3352454386DABC3B37842B8A79B3E615E6CBF588B605AF8A6D320387A68CCED009D7F0C3433C9491757BC1B36F97CECFF0941CD546D09B0C62DB52F29AA085E2916189F6710B4EE4C48A27BDA1FB95DBB58837AABC96E1A6CBCB8AA58289348CF089E44DBAEA1ABD3C37472E4B8F09A7C263D2B98E6B204EFCAA325DA1986C9AB3498A0B751505FC71DDBC9EE424AE522AB352481BA4D9987962C5C90A791A9724DC43789A5C572A9764F293AC8DD2923CBE284F65382AE7DBF613B84B230E02200002EC2630A0B5D5B587ADAEBEE1A1E143D90D04BDEFC7048C25AF2ECE7B78DDDFFFF4C2C87EDC4B740D04400004DA23C09AF97D7B9D471EBB087C776CFFB7212F244F83B367D7B8A3B72000025602DD5C6F053D10E86304C87EBD2CCD13D9DB573CFF601FB31CE682000880803F08603DDF1F14A10304400004400004029B00D6F3037B7C601D08800008800008F88300FCBD3F28420708800008800008043601F8FBC01E1F580702200002200002FE20007FEF0F8AD00102200002200002814D00FE3EB0C707D681000880000880803F08C0DFFB8322748000088000088040601380BF0FECF1817520000220000220E00F02F0F7FEA0081D2000022000022010D804E0EF037B7C601D08800008800008F88300FC45E0E8980000200049444154BD3F28420708800008800008043601F8FBC01E1F580702200002200002FE20007FEF0F8AD00102200002200002814D00FE3EB0C707D681000880000880803F08C0DFFB8322748000088000088040601380BF0FECF1817520000220000220E00F02F0F7FEA0081D2000022000022010D804E0EF037B7C601D08800008800008F88300FCBD3F28420708800008800008043601F8FBC01E1F580702200002200002FE20007FEF0F8AD00102200002200002814D00FE3EB0C707D681000880000880803F08C0DFFB8322748000088000088040601380BF0FECF1817520000220000220E00F02F0F7FEA0081D2000022000022010D804E0EF037B7C601D08800008800008F88300FCBD3F28420708800008800008043601F8FBC01E1F580702200002200002FE20007FEF0F8AD00102200002200002814D00FE3EB0C707D681000880000880803F08C0DFFB8322748000088000088040601380BF0FECF1817520000220000220E00F02F0F7FEA0081D2000022000022010D804E0EF037B7C601D08800008800008F88300FCBD3F28420708800008800008043601F8FBC01E1F580702200002200002FE20007FEF0F8AD00102200002200002814D00FE3EB0C707D681000880000880803F08C0DFFB8322748000088000088040601380BF0FECF1817520000220000220E00F02F0F7FEA0081D2000022000022010D804E0EF037B7C601D08800008800008F88300FCBD3F28420708800008800008043601F8FBC01E1F580702200002200002FE20007FEF0F8AD00102200002200002814D00FE3EB0C707D681000880000880803F08C0DFFB8322748000088000088040601380BF0FECF1817520000220000220E00F02F0F7FEA0081D2000022000022010D804E0EF3B1C9FCA1C8E35E4567628E29F024743B6E67AA5D11F6B8E956CFAE3CBFC373FABEFC2E6CA4F9670644B049AAEE4BA50D35EB1E9804046941776CDF35421B1C1E3937BAA3D9D7D2DCF36D68262533B861FCFB58FFDF1760AFD98D5B0EFCD5F08FFB879DFA9DA263F6AB5AB6A38519297FDF22FE6CCA0C3EF3F6BF07F0BD0080220D04D0241DDAC876A7D85C02DE3671FAC7F77EF59EB77FBB4BE6235ECEC55020DE73445399A22D984F9AB72D6CC89F0575B3F1E5A9FF6D6FE5EB88AF09781D00302AC26007F7FFF873F31DB62C976987159298816AA1CA99E1E6F9D2A58FEEF85E79AA8119317FD7F99693327450CE9A9CA9FA2FEA40CCBA40C4743F5CA6D59C21B8E148E3D263072DEA6C371A7FEBEEBDDCD7BCF7E267DE987EBDB731672437AAC96A21A8E9511671F32ED771F662F9830D21F1AFD6014548000083808B06D3DDF623AAECCCD4CE14DB42D9DC6F0E689245B9495ED2DAFD26E980E924407AC3E76BC5BFBD97ADAD93FF87CD6AE3DF92BE6F51167DFC728FBCFDC0489F57CB34812FCA7B3034D216326A5ADDEBEB72073D290A663EFBDBCB9C23F73F2A616D2DEE4241E9C7D07DC910D02F795009BFCBD59274B7B22EA39A17487A6F2BC8DBAB1F2A0429625E4FDA5EB7BCAF77598BAD3F88FDA8277BF6AA22666C9A569DC3E31ADEF4E2F51A7FB041E9C98F1C1BB8BB85453C95B9B8FDDEABE1E47CD9111518E288E20000281478035FEBEB13277C154C93E1315CDCF2DD5D5996D5329735D8D4E5D28150C1B641B9A76B6CE2D56B637F9A74CC5027A892087BE503069E5E2B4F8283A1D159F2C51332BB4BBA2A0FBA19BE702A3AD34B15CCB6CCCA9F5EED94FB690C5556EE61FD2B80F3873DB44EAF5F25DABE3F3C9E6B865BC1D451DEDD2335F2A77882DE1E4AF10ECDAE329D9FE5E3CB2144F6FBB6BBBD5CEF29D3657218A229BF2F257883E2937F6647AE9EAC292A8CDABC56ABDA9DBDAC8CD147A10AD3B344D1AF94ABE7D5027A7D0678E23582E572AF3C482645B21276A728A284F63A2A7B66D824B490C2F53A671E970483AF6E8D1CDDA834079D951EA3CBA1BE6CCA44CCAC5749D5CE6FE3EFA0C59CC8BB1698B8A4FB1AE607574BE853C9599B53084BA55A228AB7529EE6E6C347732451D335EEC6E7DD4030110E84D022CB97F6FA9CCFFAD947C2D2648B57B2589A14EA29CD0F098A474499233C3E7C8355D3E3F7595D3C59B0C5AA3D9F5D56F546765F0B754BA69A55714C827F41941FCC36ED95E45CD9AB5A9291B9DDA4C867D72F1BE4F2B0AB58A74AEA782D3FB15E40B7CEAA25F3CEE59E24AD71D10FEB55079CF96D15CD9F0794A51550AC7556E8B19BF7A27E5EB2AA333FBDE75557DA96A97463AFB4F9249439DD9ED455A296A004591BF8C70ED5461F28103F66EDCBBAEF8E7D62F76DFD22E9DCDF5FDE2D3FCF5D6D4AFCA5D445AAEC80D9B3EADCBE89E36A795D7F432FE02D7759BE9B4C6D8E828BCAC14323758905245B6E60BB3FACC862406BC1AA5F039A1E36AD158B9439252A6498977E8E995A345B73179EA5A270F72296AD0904F67E75BC8E4F9C2883D05A7F6951B7F99C6ED995511632650D449632DD9953FB2679A501B0440C0FF047CFF8AF5BF0DBDAFD1AC29DAA0A3A878E926B19BB36FA75DC73D7BEBECFF88B41D098FAC0F5F4F5D65989BA7355CA5AB18B6F1DDCB75F93667CFE5E7A80DAE25054345B1DC77674F19778B68679F205254D6D18D359A75C5A24432C95B25539BDD9BA5E3C6B327C92C77C2B4491D7EEFDEAB967D4A3BFBC4F08C0AE14E8B78A759F066EEB0CB6A8F75DD7F968A69671F9CF2D89B356FD06216E13A45F8088ABA2E3DB44965F26C97991ED04AB51287CF0CDAD70F69231CDAEA5E5C28184899CC85B9C7AE33C5BC48D57D2EA29DFD0851FCBABAE5D62EF05F150D22DA76CB4EDEF4A27E47225B5F5F203124CBB467ACAB4067148C41A538DC653265A5DB789649C90E0FD3468D9EA14F275B423BFBC4E58A8ACBF47099CFAB739F35A8CB184294E39E3D2D61D14A99853EA72C154ADAD9274A4A0DE646AB4A8BB9AECE5051AA98DAC9C5E5E3935F20B77BBE3D76B6C70FCF3535757B69C5E7BEA202088080AF04D8E1EFAB2AE4044C9C2025813101F315563BF226EE1B872AE4CB13B9C3E8C2C1EE2BE766B56215F9F20D1714AA955949DC507BD39C506E7CAA3025BA1D659D6559348A352A8A4A916F9709E24269C9204E4C6AEEFA2CE26AE49A931666DDA65AE35992F32F634633F35D298BEECBF7EE5054C8EC8DBF9A1D6FD5C7191527167EA00A77C99058E5D7A56AD287475E552C880BB7DDF4081D2F485FA7184E51F7AA734F5633A4DB24ACB37B8F29FE9097A7BFA774680B9D902A8D0923F514174E9BDB54EF34A35973640F4D24365B96343ED4BA1B9CC3E5E54E994E51CDF2F3551E443A55E55168E2BEAEAD281025465987CC63092C929FBB45C48F731B4FDECCB9B402C305B775788B56F51E594F8A936ECCB12FE4702293C4BB2A54CB3DDAF26BF2873A23ADEFE75367703976B339A1E47C4B16247576BE8D1EFD14A975ECEC25BA72B74353C3D992BF955054C4BF3CD6E14566B795A322088040CF09B0C2DF9B2E1A6852E347F9ED416327F8EC8D92E9566F69CD094F575A2C4A41A43561BFC8F89DB8ED62BBB3BAF791D315DBC9647A169FF9C5CDE14EE2131D9AD3D60EBAB435FE60BD1B1B32C4EA065DF9AE98A14E4FF4858F9A9268F3E2B69281431F724F52D5C7EA9A49C9A29829AE4E92F4C0B09427E3C8515767244ABA0AB6557DA7D494B9CF90E50157E08EA655510DE78CAE3C6F62E72A68DBC2F8318C6B1ACE98289A4843B507116F343A64241BB3DD96812205F4A0A633AE834C5A85C4F594074FEAA8E93C1AF4F42D9EF0D499898C2BCCD0871E718AF44224726A4A32512BE7270A728B35066FF788F4749FDDA92DF4CB7566FEE2E5CDDF4E4A937E90F1642F740D2A4100047A4CC063F2D2637D6C53D0313FFF5E6498AA75B4673D288AE188DA32D63592A9BA4FE1665D03BDE23D6D243DB7EE3834599A4821377E4CB0874CE883D68A372E1B8957F328EB384966FA6D96F789CB8E241E5A758FF2AD0FA62B3A7AE741BDE89325ED10696AF24D1BC366868B66949044A34191C517ED307AE633D2E6BA6A1DC99816CD6564F77A822BDCA636BE9491AB55493354523272C922D14B8B16A52586777CA2F6BA5168000440203008B0627E1F3E3686A65D5D679DF40606F8DEB562D8C3D6A58CA65BB4BB6E2FDC327754D29EB45FF2C834DFF6F1D476BDDEE89915B069B2F153489C7D384F2C3F62A8B36EDA68EFBEFB1DB3B7736B7FF7F4E12469598DF98C5691234A99186E2C934B3278517122554D270D35D47656DA49457BD1A4E5474938FCF70F33C79C2A91BE5978AEEB2A90000110F8E909B0E3B2FF897821B943AC7F4F7950143FABD3D99BFF46C07E91F195D1E8CB0CB8A3F6473CC2A58B52158662813546A73A0E21115CB253FAECFF5DBA42E678ED89858E225BB46E907BF0ED15BAF24238E48640935177A959308A31C537FF687DC1FEF0C876B5BB14B8E9B7CDECC95F8FFDFA961B667A2E3C2CCCFB75025A7FE8082E7DE02A046F0B46D1B19F22582A3EA5377E0ADFDF9DCBEF64071C35625494D59CBBB77BD3AADB94EB4910463B9CA8444116F9C8CCE755B2E5BFCDD52A04EFF2EBF253421952CEC4952BDF90F8B409639C39DD89848C9CB468595AC1EF4BFE8F6CFC7B1CB7F0BBC3107540A05709B0627E4F3D9C225845BC8949B64CA43863E955A02EE5B153E97566D3D6ADC546576677639CF8A94252B754A9B1BF29A80B45DC099389A73EBBFF64074B1AC15CEB4ABEEA5295D95DD3ADEA6357DDD3E3A759DD7C91E10443EC5EBDFA5B7A377AFC282ED34937BB5F40180F6D59ED7C8CCDA5F5BA99F108C075755539AD6AF404AE4BC68BD8A00953699F62547E43AE697EAA60DF10C78D603AFB36A714873B3E89D8A4D2E818DC1A75C72A7B622AA31DE36EE9EAD22EB48546F3A5F96B1289D40FE60E6F709C3BB99F8CC893D326F4D847878490930E010440204009B0C3DF539CA4557F952610EFAB14C5C50BF2D40693E3ABD36236EA558A82765E85D2D3110B4D116E24DFB42665068FBFD1ADC546BA457989C137FD0FA78836106D6AD10281ACCC6072FAD146F2C4BF5296EF7C018043EBC417846449FFF427FB3B585CE5C6CE4E21B20D85E243572C64167EAFD954F5B9B870BD84E18CA9C467528998E9EA47C2BD7A93CD6398AB95C5EBE917DA0F1C2F993CDEDE5E58580C1D2BDFAAB17ADF3BF59ABD6FF1BEA98D68F3FDDF4A9DF86561BEF2AC996EB4E9BA6EBFECB70D44559C74AA43955D639787112909B3692255FF21D85B6EA86FB657686A3619F5CABD456AC6854B97DABC13881C171F4E24B76EDDA6B3BE65C162D6ABA469BFCEA56B1B8D752E255C9E8070A376FC56BCDB683DD5C88B9C15E217A74ACA5C323EC422C759F16EDFBADB48D7B298341BF9BC658608EB4E47A71E538988BF52AED21BCD8ED3C35253A9F8B0885C6384478F626C9274D6A19A4E7E46BFA961D2BCE95C57663763B597CE929ADC881E5F3874B37D54030110E88C003BD6F309816189924FD5167A2B935195CD576533A1A4296A329939FE48C5AF2C5419E947F0D56BF9EAB54C8D6BB522664657294EFCAA4265758A60874A92AA927848A7291679E43C30E157CB5F50BCB5BFE0BF4B785BDB7BC5DE9839D2C73E577F775DF9CD6AE537F6CADC91198AB042E125375D3F4B953D5345DEB7A3FE6E53D456B77C6A84F4F937F9B4F3B38681B1737F3634F79F37DDB4050B9FF96DD2D94D428F8D0221DC64EAC4CB9F9F10D27BF7E807F4292A58F874468AEF3E8213935178F50AB14DF5DD56F2B15B623F8C57243233FC934A146C146CCD502A974F553A9FAC8B168A3375B2029D7406474A49B5B61F5C881648376C57AFAD542E8B512EB3B7CD5DAA54CC160873BA614ADCDCB5F1B91B746EDAB8C25D85499FF084EE4FFDB798D5056275411BFDD1C2F75F61BE0BC821D2F44D41DE9E266A489A30995C1EF6345C319E24EFCFE7FA41534F2D417D100081B6045832BFB7769CDECA74A6E68842BA3429D1FE3872780C8F2FCA516837BA3C575B463DC8E1A6E469498BB9997CCF165FE9863BE2F20B0C356572B1CB7E6EE22CA1B840A5CB17383DAFD3DA077999BF7F36843A9D2792961899B376AB4C70FC823FE9E2A7A704D137E6C383468BE3DFAEF8CDEC716DCE08EEB36B2A16BE210B1B1D632B1A38821F96AA5EBC99F972BDE0C4F96B95A36D32C13143A62BE67F207F76B4D3186724FE6719AAC56F6F1F3DFAC981E456BE53B2F3C7049CB53D23C436C3E237E5A3629342ECDB0BB82161C2510B557C713B443C6B7727CD4D9797154B051369DEE113C99B74D5357A796E8E5C961E134E85C7A43B6F7090EBB3325DA1986C9AB3498A0B751505FC71DDBCC0E624AE522AB352481BA4D9987962C5C90A791A9724DC43789A5C572A9764F293AC8DD292E4F4CE53198ECAF9B6FD04EED214F5E3E9C27FFF7D91910A497B7BC534B29FA3A7C1B6EF2F84EA661F7BDA3CEA830008744E60406BAB6BFB545D7DC343C33B7F436AE7DA501A6004FAE8EFE10618C5FE674ED325FBEFE15A7FBED66FBF87BB7FF52FD67F65FD3DDC17278CF4C30544FF038F1E81C0FD24007F7F3FE9FF146DDF327EF6C1FA77F79EB52EAB4F5BA3DA34BF9B73E99FC258B4F1131068D8F7E62F728ED10D0D99307F55CE9A397E5B7FFFF1D0FA056F915F697284A96BFEFEEE7CDF6FD438AAE3080220E05702587AF32BCE005436843B7FF5769EE0D8FEBF7DF6D9577702D04098F4D31318F97852F2BF2D4A9B33A9ED86CA9E18F3E0F3EBF68E9D56B8BDA8ECC4D986766E21F54437EA820008F49400E6F73D2588FA2000022000022010F804DAECCE0A7C9361210880000880000880808F04E0EF7D04067110000110000110E88304E0EFFBE0A0C16410000110000110F09100FCBD8FC0200E022000022000027D9000FC7D1F1C34980C022000022000023E1280BFF71118C441000440000440A00F1280BFEF8383069341000440000440C04702F0F73E02833808800008800008F44102F0F77D70D0603208800008800008F84800FEDE47601007011000011000813E4800FEBE0F0E1A4C06011000011000011F09C0DFFB080CE220000220000220D00709C0DFF7C14183C920000220000220E02301F87B1F8141FC7E1368BDDF06A07D10000110E88B04E0EFFBCCA8D5176F5BC791ADCB39EDBDC5553932BA0AA7A4CAFB3A012C5999C3216151B1A91D1B8FE7D2651C4EEEF1760A91E50D011B5E01F07A030B3220D00709C0DFF7C14183C920000220000220E02301F87B1F81413C2009B462953F20C70546810008040E81A0C03185E59690E5FACD1937A8B573D6674FF4178AD86CF1FA6C7F290B683D031225168B24A04DECD3C625006F9F1E3F180F023401CCEF711EF46D02ADD640FA408E7DBB27B01E044000047A9300FC7D6FD2F542B77D171E47464FEE49D8F0A575879D6D9F9D6CDDE2C3F5ED2869B9A655FF79F1E6B7E9BD78B2DCCC92E3352D4E29C71E3D870622D3BE128A6AF9FE9B2DBB373FE7909CBCF5BF338BF71557373A75F914B9AC145837CC55925A268D7C253F3E8A4E474D4E91EC73EDB0B35CAE54E68905C9B642BA5494A731B9CC776BD2A524869729D3B8743864AC7BF4065B036968C8902183072F525E76943A8FEE863933299372B1D55CE6FE3E93562E5ECC8BA14B88E9F129F344922D4ADD0FAE6AF72DE6DE0B17995EC76B23E1F82BF889F0D67FF6E60C5BD87CEABE1147C320D0DF08603DBFCF8DE8CD73F9DB3E5E75CB69F7ED1D17F79595049D4E7F7A9833CF8B88C550F282FA1B776F77FA4EE3E9DAE33BF4E3D2C7C77AA1A023916B7A197F8144ED70CFA6D31AA3F30AE2B252182D54B9D524A58A6CCD1766F5990D491CB77CAA46297C4EA8B42B3156EE90A4946952E2DD253CE3D6F97D4FA6F816DDC6E4A96B2B5D7A4D060DF91C54843E23887FD8957D7F63F70B6F8F7BDD37F0F6B89B500002814B00F3FBFB3C3661E9CBD65BC4E4B3A270386D0AB97F6F4DDAFFEE9A19E661E087E5C4D987E5CC145D5D4164DE3A3FFDF138329FAE3DA9B52E0F50147DCFDEA9E1C8588FDACE64CB513DEDEC132252CF64BE65933767FEE1CCFCD442EE434EA1EE44B6BEBE4062489669CF982D249C51F0194A38DC653265A5A1CE5A68B198EBCAA489C4FC8D1A3D434C275B423BFBC4E58A8ACBB41AF37975EEB30675194388A26F2A3B83564A5103060CE8FEAABEA542493BFB4449A9C1DC68536BAEAB3354942AA6068CB3A7A8FB899749DFC754DFC0EB63A7200E027D8A00E6F77D6AB888B1A6418FEF4BFFCDAC9136BB832213662C3E7E4EDF72E9F4156A9EF58AC1BB0E5DBB7A93167C66DC935143EC270167C8B0A8F14F477957BF432913F7756D697662A84DC0E3FC8AE4E76E71AFC909E5CD9C4B492B29C385CB5462A4BDC8A255BD47AE45E2A41B7304F1D6593F273249BCAB22267C149F51DD5D151D27CE9EB87CCF5C2FD33FD41969C99F4F9DC1E53888848672E393B974B64FA1AE74CFF4DF391735DAAB9A1253BE65EAA8F64ABAC8BB9F78BB30ADF3629FF086CDDF74747EE7FA500A0220E02B01CCEF7D2576BFE5B3A73B9DBDCD9461E143E848CB5D9F2C0B7B662C3D8FDF52BE697189567BA1B1DD3BE83E69B40B4B363A9D3DC98914282D16657AB8BB26935621C94CE14DB4DD14E649DDCBAC71839EBE1B109E3A3391B1C41FFAD0236D44FD981139352599A893F31305B9C51A4320DCB36FA777C0DB0E14648100087843C063FEE54D15C8DC5702417E1AB2E83919FB6E7CB4EC6263C9C543E44351C332C725FC66DA8C84477BD600C3457B926A3428B2F8A21D46CF7C46DA5C57AD2319D3A2B98CECEE26BC5EE1E70AB7A98D2F65E46A55D20C9594A2B8C922D14B8B16A52586FB4A6454EAC2EF52BB6B6FE7F5020E6FE7E6BA95FA0FAF9B5244410004BC2780F9BDF7ACFA9BE443B3D2FE703E537424EEA9CC2141E15463C18543CFED7E27F37FDA7B22C02F7DB754E60B89B30FE789E5470C75576DF7C8E9FBEECC70C77CBFE6D60F2749CB6ACC67B48A1C51CAC47063995C92C18B8A13A96A980606680A780374606016080408015F672E016236CCF01381A021110933D3C827FF466DE9971FAFBCD8B8E3A42A35EE355FB602786B8AA5E2D30D64E22E7C7F772EBFB31D702346D9F610DCBDEDADE64EE53AB8A37F9BEAE01606272A5190453E32F379956CF96F73B50AC1BBFCBAFC14FB8E844EDBB217F6E2FDFB8E9BBF4F783B30A837F176D024B24100043A2780F97DE77CD8533A3C22356DD11F07910EDF69B4F44AB7ED3BB6B8114C67DFA6310E777C123140A5D199DDED68D41D737B56CEBDA4F3B86D13DF80018C768CBBA5AB4B3BAF478546F3A5F96BC8E303D40FE63B5DC80640F17DC2EBE8797FC7EBE8278E20D07709C0DF07CAD8858DB7BAC10F2BCBF40D8E9967CB6DF32D47DCBF767EAF5D5EF0E72DE5176A6EDCB635D072ABF6F897073EA6FD5AE8A8119E8DF9E5FD2791E3E2E97D7B5BB76ED399E9462D66BD4A9AF6EB5CBA31A3B18E3ED80297274821B11DBF15EF365ADD88C5745C217E71AAC4E3793C877C17C7C8714F109FDFBA5DBEDB484B5A4C9A8D7CDE324304798ED12D984A44FC957295DE68766CACB7D4542A3E2C22D718E1D16D89B8D56C1BA5EFDF7F27ECECD3BDCDF96D5B72CBB97F7863682BB66FF5235EBF9C6F6E6C100501102004E0EF03E634983CF1E904F2B8DD8DF2C41DB617E7ADE36CCE1DF5C5D95E32F0FAAD4B59C7154F6CCB1D667DBFDEB002F973A72F1CA782964E4EE6D1B3FC5E0889828D8270F262BBE553470D239BF34347919DF086B9E2CC788AD24967909C5CFB043E5A20DD40E6D526E5B298507A177F68D47322758C52D1ADDF021830203E656DFC00CA54F4CA933665296B0D7377BD2F1ECFEC628B595D201624C68C7A84962221F4099E684B25152D7CFF15E6BB8098F50226757FF092E726E7AE2523480F96955A543FC51B30E30C4340A0BB04E0EFBB4BCEFFF5C6A77E3A332173C830E7CFE544070D4B1BEEC333F53E98F4E88CFCD4D482B163D206919D7A7408276D3D9A509AF6BB827FF57CC38F0F6ABB10E5A6CBCB8AA582897493E113C99B74D5357A796E8E5C961E134E85C7A4736DB65014277E5599AE504C36CDD924C585BA8A02FEB86EEE36E14C5DA52CCA4A79D2AAECC9F9BF539CAC90A7713D6C0D4F93EB4AE5924C7E92B55162600C8F2FCA53198ECAF93D7D27814753BD95BC5F7813572995592964086968F3C4FD156F6F0D1BF482C04F4580F13EB2BAFA8687860FFDA99A463B20701F08D86EE7DF8786D1A46F048C25AF2ECE7B78DDDFFFF482FDDD52BE5587340880802701CCEF3D8920DDBF0974B05DBF7F77BA0FF6EEBB63FBBF0D7921791A9C7D1F1C3C981CA004BAB9421AA0BD8159200002FD8000D9AF97A579227BFB8AE71FEC07BD411740204008603D3F4006026680000880000880402F12C07A7E2FC2856A10000110000110081002F0F70132103003044000044000047A9100FC7D2FC2856A10000110000110081002F0F70132103003044000044000047A9100FC7D2FC2856A10000110000110081002F0F70132103003044000044000047A9100FC7D2FC2856A10000110000110081002F0F70132103003044000044000047A9100FC7D2FC2856A10000110000110081002F0F70132103003044000044000047A9100FC7D2FC2856A10000110000110081002F0F70132103003044000044000047A9100FC7D2FC2856A10000110000110081002ACF93DDC6F36CF78A388407F306AF2B4E7E72F4A7F61027E693340CE4198010220000220D0FB045837BFFFB1E6E4FEEDEB5F7EBDE05453EFD3450B2000022000022010180406B4B6B63A2DA9AB6F7868F85067B25F469A2E1DDBBCEACD921A2AEDDDC3595343FA651FD12910000110000110F020C0BAF97DC89869C2C5D308851F6FDDF160812408800008800008F45702ACF3F76420AFFE60A4A8908870DCC0EFAF6735FA050220000220E0498085FEFEC72BDFD552D4646E84270BA441000440000440A0BF1260A1BFAFAD394546933B7A647F1D53F40B044000044000043C09B0D0DF37FD48A6F70820000220000220C026022CF4F713A62D24DBF24B147BCEFE78974D438DBE820008800008B09800EB9EC7A3C7FA96F1B30FD6BFBBF7ACED09FC455B8FAE788AC5A700BA0E0220000220C002022C9CDFB36054D14510000110000110601260CDFB745DDD6E3AF9E1CBEFECA5A6FD6EFBBA5F4E78F00157016220000220000220D05F09B0707E7FF6D81EB2909F265C0867DF5FCF6AF40B0440000440C093000BFD7DC88378F2DEF334401A0440000440A09F1360A1BF8F889A4406D578A5A19F0F2DBA07022000022000024E022CF4F70F8E7E8C4CF04F1AF114BEF32C40040440000440A0BF1360A1BFA71E79984B514DB5A61FFBFBE0A27F200002200002206027C03A7F4F7E0F57B1EB18E9FD834306E12C0001100001100001961060CDF378DF6C9EF146916B50A3325E789ABC650F0104400004400004181076C4000020004944415458418035FEDE319A0F464D98FCECA28C252F4C80BB7730C1110440000440A0DF1360E5FB74FBFDA8A28320000220000220C024C0BAFBF7CCEE230502200002200002AC20007FCF8A614627410004400004584E00FE9EE52700BA0F0220000220C00A02F0F7AC18667412044000044080E504E0EF597E02A0FB200002200002AC20007FCF8A614627410004400004584E00FE9EE52700BA0F0220000220C00A02F0F7AC18667412044000044080E504E0EF597E02A0FB200002200002AC20007FCF8A614627410004400004584E00FE9EE52700BA0F0220000220C00A02F0F7AC18667412044000044080E504E0EF597E02A0FB200002200002AC20007FCF8A614627410004400004584E00FE9EE52700BA0F0220000220C00A02F0F7AC18667412044000044080E504E0EF597E02A0FB200002200002AC20007FCF8A614627410004400004584E00FE9EE52700BA0F0220000220C00A02F0F7AC18667412044000044080E504E0EF597E02A0FB200002200002AC20007FCF8A614627410004400004584E00FE9EE52700BA0F0220000220C00A02F0F7AC18667412044000044080E504E0EF597E02A0FB200002200002AC20007FCF8A614627410004400004584E00FE9EE52700BA0F0220000220C00A02F0F7AC18667412044000044080E504E0EF597E02A0FB200002200002AC20007FCF8A614627410004400004584E00FE9EE52700BA0F0220000220C00A02F0F7AC18667412044000044080E504E0EF597E02A0FB200002200002AC20007FCF8A614627410004400004584E00FE9EE52700BA0F0220000220C00A02F0F7AC18667412044000044080E504E0EF597E02A0FB200002200002AC20007FCF8A614627410004400004584E00FE9EE52700BA0F0220000220C00A02F0F7AC18667412044000044080E504E0EF597E02A0FB200002200002AC20007FCF8A614627410004400004584E00FE9EE52700BA0F0220000220C00A02F0F7AC18667412044000044080E504E0EF597E02A0FB200002200002AC20007FCF8A614627410004400004584E00FE9EE52700BA0F0220000220C00A02F0F7AC18667412044000044080E504E0EFFBF30950A558620D8555DEF6B2AA90AEB0FEC0556F2B400E0440000440A04F1008EA1356FAD1C89BDF698B94A55F57D7DF6CA68287853DFE6CC6AB82B8B007FCD802548100088000088040C0116093BFBF7BFDC4B6F55B8F0DE5BDB6F24FABB9231EA09A4DFADD1FBCBF3AE7A53F65CF86CB0FB8731306810008800008F88F007BFCFDCDAA9D7FCC3F1696F1CEBAD9E1767EC1E17119CB1756ADDEFDF9B7B33326B9A0DEBC54FEC55FBFD07C6BBC6EA128CE08EE93490B972E8C7BC425D05762B1C29D3B857DC558D8090220000220D08B04D8E2EF9BBFDDB3E5E0ADE92BDEB43BFB067DD1FFBFF5CBB337A9112328AAF9D8A9EA8C49E36D98EB0FBEB35A51D5EC646EB96EFC47E9A67F68A688D6AD9C11E6CC460404400004400004FA100196F8FBEBE57B0F5C1FB3283571283D3637AB0AD7BF6F9CB9F6836CEED0466DFE8A8F4E589A6C63D6FC6DE17ADAD907C7F2DF7C75416C58304559AEE8FFB6F5FDFDC613F2F545A3362F8AA6AA7789D6AB6F52935EDDBC9A472E1698E1CAE76B5617518BFEF4CE8BA31D05F5FFD853F8D7035597E80D0343C7C4CEFE75C6C29F7B5E37D4EF5F9FB5B39A9AB566A7309621FF48FCA2B756F246DA75792346F6E8BD73D0D1B6ED189D91279DEDD9A4B5C8D51667446CD26BAF0A4887DB092EB18EBBD04E3564810008800008040C0176ECCF6F3C7DE2141596186FF3C1D5AAFC03A333C47CEE50B24D6F44989BCFBEF2E58E03D7296A74DA7FAE49B33A7B324E9CD1714B246FCE2252D73FDFA325A5E3672EA0F59CD29C68BB89FDAC76EF252A76EE0CBBB3273B06E42BB2F24AF5B4B327A1F9E6257D69DEEAF5FBEBE9543BC15CAD7C6BB5BBFCD56BCDF7DACA7929D6B62223875C3DB8DAB25CAF526F5ABDAEC87327BFCF5D60348104088000088040801060C7FCDE784E4F05CF7EC2EA852D27BE3C7833EE9567EC6EFE6EB36BE9FED2890397C8B8C4BE38D3EEAF1D833434763E7FFCC1C26AE2E31B78B347CF787152D147A7AABFACBC327B9EBB245945F8F266F0F4D90976DDF55FCAF28F5EA7464EC95899313B7A0475B7D97874EBA63F9FA85616954F5F397D9843BDF378E4A39C66EA71FE9A8C79B1A33954BDFAADAC5DCE32B748A7628C7BF6A70A97FCE9805B4DB7E8F9A2F53BAB9BA91153968833668D1F4135D77FB3277FCBE746371112F5B90BCCEA4881000880000804080156CCEFEBAF18292A2AD2B6A27DB95ADF4C858DB02EEC9319F73FCACB1D43D17CF90A3DEF8E8A8B759BF2DB0B1FE14EA0DD73F5E52BE4EF88E9B3A69385EF2B9F69ABEDC5D6C395A3A5FAE6A1B3E64CE1589396137BFE4ACA472FFCC34ADAD993F04030F7B93732A691564FE84FBB2E33ACD2D63FCD43786F7E40961688B3A7C3C00EAEC6BC14B3EAE8E04FF3892FBF246B1543672D7FE385F1E45105625BD8CF17BDFDDE1B53DC2B74A30BEED511070110000110081802ACF0F70CDAB79B6EBAD2D7CB0F963B1DAFF9FAF774495088ABDC151B1166DDD56F34112F49054F7A660A71F88DDA13675D12D587F75EA1462F9839DE9E75A1EA04511D3E7DCA18970CA9CA7D8C4BD2FA0B35EEB9F6F873AF65C4D92F44484ED80BEB76EE5C37BBED73015E8AB5D38033AB86BEEAA182A73D13CBB8633F2C9471A9D38D2E385B400404400004402090087430830C24137B6E4B4847AFD339FFF9DFCE0407536E4BFA5E36C6993267D6D072F5CD2F0F9D58388176FD94F53601356991E3D63D557FD1485F4998F6AC5EB2A7ADD69B8E1D828C22628B37C14BB14E54357E7FB9911447458EEA44A85B5DE84C1FCA400004400004EE1B0156CCEF478CE6065335976D9BE44243C9BA7E55F515AA515F98FF79CBAC39D31DF043473C4A475B9A1C19EEC7EBF5263AC90DB74F806DBBF69A8F7FAD23CFE893BD7CC70F94370793757EC6FC982E09C860B9E5B6C8119016C228100001100001BF1260C5FC9E1A173B853AA03F73857A72343566CAEC317B8A4A562F2921EBD9716FCC8F3BA7FEDC8634387234B914A8AFD1575D7FD1F349BBABC6B3F484787CA4737F9E7DD75EB9F6E4D22933AE1FFDA28A1AF6E29C9FBB26E8D6AB876A2A6A51DE7FBE48D4065618465FDA54934B9BBB9DD915D05DE8CC7094810008800008781260C5FC9EE2C4F3660DADDF5B7A829ED58E7E519C114B36C471B8A99237ECF3F183EF2C911EA8A72F058840D5E787E95D796EE1A6FED33DF4D6BC4949531C8FC23B77EDE9BFFAFABAF531BCD1F379E3DD6E1C04C7C4C6922A35DAF24B6E9A0224CA891C4D6F4730EACFD0DB119CE1E659BDFBF37801DD05A7D1888000088000087841801DFE9EBC3FE7DF5E994E9517FE4D7F93CC68C367AFF9F3CE9D7F7E7BE104B2392E3663A735D06FA4193D67E96CB2207FA5E43FDE29A9AAB76DE423EFDBD999FBFE1172A530E2C5858C697FF0CF793C329F3FF5F9A61D5FDE244FF13DEB9CFB5BC18F989EFA02AD6CCFFAB78A8E19EBADCBFE7481A5DEF88F0345CA130C4FEBC550F95564F414EB3387550AD9E797ACFD6CAEAFDA97BFFAEDCF19573A01DD05BFF2803210000110E8EF04D8B19E4F4671E894A5FFB170D37F6E5A7D7DD1F27F9B133B3A983C0D7FD374EED81757B8AFCC1EEF18E6E02733D609AF90F7E956A9DEC9523972E9E308F23E5DF2723D46782076C6ACA107D4578C3554F08CD96D6EDD07C7BEB42EE3CAEAC253C6CFB7BC65BF67E0AC1F9D31DB19BF1F91D1B33266EF7FE7404375D19A654576038263858BE215455A973D01DD0597998881000880000874458035FE9E78FCC752D7E5C7698B8B3E7A7B4F7D23FD34DA88F0C72726CE8E63320A9BB5E68327BCFDBD1C7AD79EBAE80A3574CEF3D65DFA4C55D40361B3576F8BFB47E99E2FB4A72FD4D3BFBE636BF439DE5CDEF4FB7C539F139B91F37664E1D63D5F5FB9D94C5EF43B65E16B4B673F5653A860F62190BBC0B414291000011000814E080C686D6D7516D7D5373C34DCF5FCB7331F111000011000011000813E4D8025F7EFFBF418C17810000110000110E82901F8FB9E12447D10000110000110087C02F0F7813F46B010044000044000047A4A00FEBEA704511F04400004400004029F00FC7DE08F112C04011000011000819E1280BFEF2941D40701100001100081C027007F1FF863040B41000440000440A0A704E0EF7B4A10F54100044000044020F009C0DF07FE18C14210000110000110E82901F8FB9E12447D10000110000110087C02F0F7813F46B010044000044000047A4A00FEBEA704511F04400004400004029F00FC7DE08F112C04011000011000819E1280BFEF2941D40701100001100081C027007F1FF863040B41000440000440A0A704E0EF7B4A10F54100044000044020F009C0DF07FE18C14210000110000110E82981A09E2A605FFDFAE26D9B336E506BE7ACCF9ED879EFAB7264C51B3C44C6A65BD2623DF2DC928E2A5D88B9D5F073B4F29325BC7F52FCF83C6552989F559B0E088A0A55D46CAD3823B173D5A70A39070E78884867EF944CF2C80BE0E4F15CCE73520FFBA4472C92048F3CBF26EF4BA37EED410029FBD178ECC0279F951EBEF36F859BE68D248635EC7B33E36F8392FF6D51DA9C4911217EB6B4E14489E2D3CF0E9F38DB708BA2A6AEF9FBBBF3E9261140C0AF04E0EFFD8A13CA400004FA3C8126E3BE77D7CB3E3B4B5C2F454D73EB4EC3394D518EA6483661FEAA9C357322DC4A7A14FDF1D0FAB4B7F637F548072A8340D704E0EFBB66D46D89D86CF1FA6C47EDCB873747EBEB1D291C3B233029C33229C32150AFDC9625BCE148F5956382C46291388C35291747094B1CA9DE3BDE9746BBD19DD6566AC000EB9F6E54EEED2A4DA73E7AFDDFB79F6DA21E9CBC7845E68217268DB1CFE547CEDB7438EED4DF77BDBB79EFD9CFA42FFD707D7BCE42AE3FE6F90DC7CA88B30F99F6BB0FB3174C18E90F8DBDCD08FAFB2801DCBF0FAC81A32F112CE4D3D99A7F60590C6BFA3781CB4A018784DC4A7F75B3F5DAA79983399CC18FAD3B6CF1974EFFE9A9DD974D3BFB1149593BF7E62F9FEF74F6B61642C64C4A5BBD7D6F41E6A4214DC7DE7B7973857FE6E44D2D44FDE4241E9CBDFF06129ADA23007FDF1E15E4810008F41281EF4A153B69D575FF5DFC457D6B2F35D24DB5D73505B2634DD4A4ACADFF95F6588713ED0727667CF0EE222ED554F2D6E663D635FF6E3667AF363222AA670A501B04BC23C0167F4F36D9ADE3C8D6E59CA6A81B178A8B65936524F9F6733B8ACB2ED2D7D68EE026E6C82247B2144FEA724AAADCF2ACD15B974A4B3677A0CA53B6E334D9A347DBE6FE597CB88395FF966BC70F17676ECD9D6897CF9DB7E3E32D872FFCD0B1F6CE4BEAF5F25DABE3F3977064CB783B8A341DB46ABE54EE105BC2C95F21D8B5C75392ECC593112585CC5920598A27994B724F791A61F94E9BAB1045912AF92B449F941B7B324D72756149D4E6D562B5DED4136DA64A658E28E5B9187A4ECBE1C43C9722CA962BF566F70E582E572AF3C482E4F828AB4CD4E414519EC6E47E1AB94B7B13EFB2D1F627D9E436016D41EE716FDA60C874DD057B8B1C4EB450455795F2AC9D75FC11282F331452268D7C25DF46246A325FBCA5432046ADB28C128A57C651546159F975B2AAEF19DC3BCB509B22D9676208334ADB6FB4EB9EBA693CFBC9E6FDB728EEEBBF4FEBCA01873C9599B53084BA55A228AB7553D0CDE868EE648A3A66BCD8CDEAA806025E1260D9FDFB96EFB5995F1EDA6187D372BCA12AB5E45A61BA28BD1B5B6F6E56E514166FB863D3D533555E0E56EDF12CD5BE2DF6166D756E1F6C3877B021F89999E31EF652899B58DD01E15F0B95F76C39CD950D9FA71455A570DC04AC51E357EFA47C5D657466DFBBAEAA2F55EDD24867FF493269A833DBFBC8B55385C9070ED8AF0CEE5D57FC73EB17BB6F6997CEE6FA7EF169FE7A6BEA57E5CE8B0C53CB15B961D3A77519DDD366DC27CE48933BB5911E198F6B14E433ECE78238C72305979542BB0BB4F7D8745AA3C8D67C61569FD990D4065ED754BC6AB46B35BE48F8BB0BE683D2D479AE057FD369B53C4BFDE9D70AED3601D7D32E9DEA430D95A9922C8ED17CA02FDCA692A40A3D645A1D9700D7F432FE0289DAE1E2096763A34B9D578DFAD4D3BBA7F6EF26CE7BDAA2B9135CCD74180B993C5F18B1A7E0D4BE72E32FD33CBAD061A50E0A22C690164F1A6B1B280ABBF23B60846C7F10F0FD2BD61FADDE371D39FA4347873F5D96FE16B947DEB84CB86538B1A436E3CBF26ECC8F3F2C2FDE35C82FAA1CF7ECAD77EE8F8CED08CE857CBBB30FCB9929AA7BC37A9B7F85A42E5D583CB13BCEFE5EB5EC53DAD92786675408775AC43BCD823773875D567BAC4FFEB3544C3BFBE094C7DEAC798316B308D729C24750D475E9A14D2AC777714736B797AF7DFD9036C2A1ADEEC585828194C95C987BEC7A7BC29DE6D57D2EA29DFD0851FCBABAE5D62EF05F150D22DA76CB4EDEECB4667B857A99CDD973D372D567EACC166BB85A67A854CAE3C2DD2A70B8CB64CA4A8343C25C572625D702A68D1ABD9B90B7516F1BF5569F77725E742152A0B41138AFE0D34AA55A5BD2FE572988743455A314D1CE3E51545851D748179BF54A510265DABD5A56C6581721152C5AD57BFA70495A52681C5FF47C2BB5FF435587D4B6BEBE4062489669CF5887E28CCD0C5F1BF5A2A70E95D4A53327C9C9FFE4B4495E3E88FAF8E4178650D4B7C7CE1237DDB3D0D4D49325A99EB58DDA6C22C0327F9F10917A64592A2F825ED6081A3E6ED99CE9B348ACE17485EFFBBFA3FCA7CA9B13CE5C7E60153DB38F284C5F911517113AC85A29687068C4B8D43909D1DEA860C858745FBE47F485CCDEF8ABD9F1A1741167549C58F881CADDB55154E5D7A56A8A0A7FE455C582B8705B9BA1E305E9EB14E44AE95E75EEC96A8652AF12435E9EFE9ED2A12D7442AA3486FE7E555C38EDE91CBAD0D6AC39B247455129B1D9B2A4F1A1D69BAD1C2E2F77CA748A6A969FAFF2712F9859FD170999D987BFA450EF12274585DA67EAC342B9717CE13CAECB96487EEE16113F8EEB90E084F266CEA58B0D173C96B85D753A8A79DD68470ABA97EFCF2E58347F594D8FC29642597A7CA875B990F3043F779D985C02C9B53AE628582ACA724DE16FCCE511BADCA4F494D6D67F141FD475D089EFB9AF6B2B0A448951D6A1602C447ADDA82F3D6DAAAD394B4C89193DBA0383DA648F1EFD14C93B76F6529B125F329A1ACE96FC8D3CBC11F12F8F6172EF0B38C8FA4E8065FE3E65D2D38C75EFB16367D0CC2E9DBEE2333A3FAAF2A6EDAA5AFA5B256EFCACEEDC7A68A701439D9E4CCEC3474D49B479719BC8C0A10FB927A9EA6375CDA46451CC9450771D03C3529E24F75F295D9DD1F719FE94B9CF90E50157E08EA655510DE78CAE3C6F62E72A68DBC2F8318CEF67CE98283EADADDAE08D0E97CC998A029288FFDD6FDB2E41BB849C31935621C94CE14DB4DDCEE6499D05BE457C6BD437DD5D49FBA90B868A42720A24F1795CF70639E3E3E95138A8638CC20F6A651E15FFDB14DBAD11EE0C7E0A45FDE37D9586795160D3336080646376A2EBACB3AE3728D36D57A3BE344AAE3BBC1BACC61FAC5F02431EB45E3ABAF7A6A3784FF7D99DDA32838499BF7879F3B793D2A41F643CD95143C80701FF10605C36FB47659FD212164D26AA37A896BB3DB7DA8FAADA1A537FD1BADC3D7EA8EB1BB0AD900F3937EB1AE815EF69233B5FBB6CB23411296EFC98600FDDA10F5A2BDEB86C24170D1E65BE26C322896F50DDA3E8E50BEF83E98A8EDE79502FFA6489A86DADA626DFB45DBE60F54CDC518FB4D5C5CC693428B2F8A21D46666EB752DE37DA2DF51D56F267170C3AFA8A4F239AC8696714F416F75130EE5328A824796ABCDDB0E8B982344A5D92AB2C1327A5BACEEB01036C9310C68527A32F97BD6ED48F3D6558800408F449022C9BDFB719A34693C7FDEA36125E67F85195D76D765BF0969976E48111AED71B03C3102FACB054E60B89B30FE789E5470C75576D77B3B5522F6A068CC8FDEA825153ACB65D193836F9DBDF41A4D8A73133E90C18388099D1BD946F3D1DF6B075A1E8D68F5EFF6734D4D674CF307BAD49CB8F9270F8EF1F668E3955227DB3F05C8FB4A13208744980E5F3FB3BD7EAE8E7A81EE2767AE7AC85F2E2612BEF547539201D08848D256BE037A8AF1AC813739D4FC93B50E0911D3A8A6C35229B16EC9BF33D4A9DC9100E59DC6C32EA2E350B4631A6F8E61FAD8FEE0D8FE43A65DB8D74A19FAE63B961D691C3B030DFD609424770E9DA5C85E06DC1283AD6A310392E86AE7FCC7899A2223BD664A9F874033156F8FEEE5C3EE3C650C7553A29F1B2D10E35DCF6E6BCF4ACEDDF2E3C3C8A4B37C0579C510A3A7F864DAF921FF4B4C59EDEA150ADE60B1D7B505A5BAD278D63977E3B75BC6CD4C79E8644444DA0A8B3862B57C859D54EAB6DB3AE5CF986644E9B30A66D910F392123272D5A9656F0FB92FF231BFF1EEFF48BC807AD1005817608B06C7E7FF5E66D77083F9C3C9E47D241E32646B867532D6EFEBDE5E2A1F5FA6B8C626BC24B556D2B762F273682FE56315D3C525CDB3D05CC5AC15CEB4ABEEA5215636A75ABFAD85577C1F1D3AC6EBEC870822176AF5EFD2DBDAF3A7E1497E9A49BDD2F208C87B6AC767B80CAA1F7FA35C692CA75755539AD6AF404AE43C2ABE3A00953E9EF46A3F21BF2FDDCF3F0C4D44CA2C4B455AE3476A2EC873A6B293782E9ECDBBB01DD89166791778D3AC529463BC6DDD2D5A5AE326F63FEED02277EEA52D2B24A79D0D8A901164DC97B3A4AA8BC6CDFDFEF3C54E4C453945A5E4AAEA25CA1F51EFD54FE3DEB5F57AE33E665A3BEF674CC1393E9FDF6FB4F7AB9FFEEDC49F2B03ED9CF3FA1C73E3A2424C4D9394440A0F708B0CCDF6F297F3F8BBC9D86BEABD8F24375D91F8ED3CE33F3E9597176C2D6693445FDE5E4A11ADAE5B75CD697A497684F070DB697BB1DBA52E526EA8F68E8F4D91BE93B9AB519C5B28DC72F996ED92E495A1A6FD4EACBF7955CF0B50D6EEC6CB25B8A6A28141FBA622113AA7BCDA6AACFC585EB250C674C253E934AC44C573F12EED59B6C3763CDD5CAE2F5F40BED078E974C1E6F6F372CCC3A3F2EDFAAB17ADF3BF59ABD6FF1BEA96DEF67C44EF00BFF5F7BE702D7D495EDFFD351313EC1070DA81D627D94825368AD20DA7F83EFB43A25B7788758A7923AAD46AF6353EA5574A61AEDBD34F56329A58CA47646835E35CE953638A50DF595F819E561A9C42B165F6D185149A91ADF1169FDEF9377C22B4F089CDF814FB2CF396BAFBDD6779D649DBDCF3E27B98AB337E8461B6F547D9DF3E635A22A4E32D1AACA5D4F427909D31349AE38FD67C1BE63350D64EE9E69697CA0D76915FB76AB9C4E5CDA551AC6FB839468D3EF1272E9FBF1F4460B5FA3A1B64AB959596356307C643C7D82939FBFB5CA400B907BCF9492D4DF49E9BD3A5D3DFDE6C9E25EA344A36524605BFE2E1DADDFA8576FE47317D6445A8F5B7AA39B8BA72E0C8FB6BB6C3BDFB86DB0F0A1C2788BE9DB11554B79826C558DDE2AD164D49F512BB2732C77CF1BCBD4057AF64A01CFF93C89981C3F4D40127ED51EB52DE13FF2886930DFFCDAB253EE35EAA9A73DC6CD7C859CF79FFAECD0D9969B75DADA58F9859C7C7B8C9B3D89E3B4DD9B952B75748B9C489F4F1CBC691C75184480FC6A057D2A6D5EEA1BAE0D1AE8CD1354AC0A82F7DDF223B609BDFBD7DEBF4DCF30B22EA3064FFD7201D7361469ACDEC3DD7FDAF19E6022F0E963FF3795FCD48DE5376ACDAAFACCEE4B15DFBD675543BFBBA872DC45CA96DFCB69EF876E2B0AD73D7F914A8D5BB6734AB371FB169EB76369C48D1FE7753187DCB456B5EFAD89DF9BA6015AF77106A74BFA1608EB9C7E0FD7F5793B16E150E7E7ED3C28FFEC8FDC7FDDB16A22EFBD84CFBE997C76133933B0FC94ADF9F7704338BC47742AF3A983459A48BE2F7BAE99BB96BD96DFCB69F1F7705BB18DD41C2D9FB74E40E7660F96E68FBEB15626779F6792AC4616DD1E21375DE1780451A384E26955395BCC09CB2E69AD4BDE2DBF97D3E2EFE1BAD328C9F0E559C95CFA52826DE1087716247FC6253FC3D3A2DA361AF5D485AA5CEEC495E5B686CD05C746758522DE7CB9CE45825EE5CB2FD077EA1B8A4411695F65969C214FE96B26A593A7448B4AD8F6BDE4F97AA384458F48D4F72CCC9B55A137B4DB282DE369B06EA8D7CFFDD3D777C765ECFAA4ED47EC359ECC7B6DC96E5DDFD44D4519496454C0B7A53277F2F23DE357EFCD9D43CE37B08040C00830AC7FCF7B7ED9D7093169A6590BEC9E8332E284471D923DA1CC8A4DFD7BC298D9AD0B5822D1F3C9B50B9755C6B921E9C7D0452664BF213E12F7D4A2BE7DAC173B7B72FB8EC88A4BFBC3139E37D32BFEA5F7ABE227F17AD217E6D93D8789E3DF2DFBFDF491CD8E08CE73ABCBE62EC9091F166DDEF5AB507E788A6A7E9EF3C3F57A25CE59AB186696E915DD77927CCEC7B2E78635B72AFED7E9CAF9EFCA5D255B4BF6CD15386D21B6D5CC5F218B88490EB14C2FE084840B23E62AF9624F933DD1CB999DA3A9D5C8B344FC048EB919766C327F91547EE43573B2A765D264257B248258FA54821D4B9EA4ABAAD5CAA459B29CB46836C58E4E73B9C06156D3D6AB3B8D92E33271A54291C1236D9066A3678BE59565B2544E5B7A5BDFE7A90BF1CB8B34D9223ED7D438AD9693388D1FE1D02FE0A4CA6A6AC933F584C9566E9C846461864CA995991ECBA3536E9553716FF15B48F6B4B6E4541E393B91EE54191C6C76E886386C7528B6D7282DEAA9A75468F222715208752A7BC99F0ABF6F7468CDA978ABBAE08F6FEFD65121A9EF2EF33DD99341B62BB5447F0865FAD6716A092B20E057020CEBDF7BD30FF62B6F28030110086A02ADFE1E2EB1BAB1CEF27BB8A69FAFF5DBEFE17EBDEAB7EBFF69FA3DDC17C70EF679B420A8E9C2B84E25D0AC37D7A9D6A07110000110E8540221E35EFF64DB9A3963FBDEAADCF9DEE2B4292B8AC904137AB956BC624ADAE2EC7D671BFB8E9D23D9B5692EC74FB3EC0627CD9A1942D13FB0FBDB19F4137826BFFD85A54973C37805013F11C010929F40420D088040372110C299BD7ADBF3F34A0F7CF645D161C7A92683C724CFFAF779A933C6B53411D57BE7074C5DB7EFB1A4826DBB4B8E9FBDE63C61D67BA5A80902CD08603CBF19126C00011000011000816E478029F9BEDB050E0E8100088000088080070470FDDE03581005011000011000812E4A00F9BE8B060E668300088000088080070490EF3D80055110000110000110E8A20490EFBB68E0603608800008800008784000F9DE03581005011000011000812E4A00F9BE8B060E668300088000088080070490EF3D80055110000110000110E8A20490EFBB68E0603608800008800008784000F9DE03581005011000011000812E4A6E9317D5000020004944415400F9BE8B060E668300088000088080070490EF3D80055110000110000110E8A20490EFBB68E0603608800008800008784000F9DE035810EDCE042E29042CB248CBBBB39341E75B79160D5DB047DF826515527A1F0949450B3BB1C91D02FA3DA6833AABA583DA72C0B702DF1DED90E96A0490EFBB5AC4602F08B44BA0EA2FF2C71F977F78A25D41087843A0BE682FC1BBA4A8C19BCAA803029D4600F9BED3D0A361100814818811FD29AA476848A0F4335C6FC4AF0710024343FB309C03DCEF6A0490EFBB5AC4DCB3B761CFD675AC9C7559D5EE89079394759871626E95B35906D572F3F8AE4071C9798F3B6B1D3C5C6FF5C26CB1E9352A7E9640BC59A5BBED606E0B62F61A9E8E63D77DFE97A3550D3F13F5831E25A9A8CFD04749F1E7EBD5273EDE5173DFA1D1AE524CC8349A96CC84A0B0F8B6FAAF07D4174DD11BDAFF398A7A34949C5451F71B6A0AFE72A236282CF4CC88E1028509AF228DED594548775902C8F75D3674DDDDF0AA9D6AA7846F28536DE9D23EEB6B344A59063FFA45699531108E549FFBDB07E75E4EDCF1C25B07BE0B8FDBB573426CDD9135F3778CFFADF6C3BC0B27BA62C2F71BA5870F1F9A759102BD78A3F8E6B98359750BB97BA72C2CFEF266D48A9D935F0CD17EBC54FE6462D9FA0FCE1EBFE88D4AD401818E25807CDFB1BC5B69CDA13BDE745DA3FA34358FEE9DB372DE9DB5ABC2692693F3DED45DC59A1F9B1C745AF4B072F2D26FD29B37EC37EBB1BCCE3F6CBBE2E8D0A243FD4B87F3E8760B4F3B6C7390746EDDC1365799F979EF9AEC972E2AACA87534D0416F9B45DE2C1EA555A8B576210349969450B8C0BE85948C97CA15D962C1ACF828730F7A3C4F94ADD63B3668EB408F122AE9AA12AEBDFF4C4AAD0C15E8D5B2E5026E2C2D1AFDBC485AA2A3AB7AB34834E62E2A7935D4D71CC91190AE5485445662B028B3F6B1C8FEDA023EBD71ADBD8687FDDAD1E336EE8CDBB826FC373FF6F8D5E8111393A2468550758F85674AE3766D4D78BAB737E63B0E8AD04CF866D051E37999C5F6E3B2FD28D8DAB62B89E62ECA51DB755825AC73F41CA2D4528C1C0DB356A528BD623E5DCF655CA45E9D2F9E9F1CCD62F5EDDBB7DFE3CFBC3067C9EACD8AAAABF66AEE95068E11163E9DB33EF239D62F3D1E1DF154D298518FFE72831AF2C7F5D15B0B274F7BCC3D252E52E552DA5E9383861A6596C87CC8B162B9BCCD0EE7BA576B54DB3345B3B9C4057A89E50AD6286AAC47909346BB92A8F8D44C45B5E19ED36E8AB27D1CCCAA4CAF2EB84C351C0C73D0D0E2E44A43B552BA8867F904B2A2B9B305E20D72F5A5E6A7B4A7F2269B97155FD8BE861C94A3D801047A76401B68C26D0277CEE56EFD9F95776DF24D1AE33D7BF6BAF6EDDA3D451BED1DB5A6E21F2B8A775D2C4813A545DAAA04ACD0B66DE6665D65EE6DBF585C52D8B33AED197AE8D38365622A9F2A11290E5689E3E24DD50CEA6239B540C1E3C8E536359714424B16B76CD257ABE56BD45F1954673624B36C621E16AE6B73F82F65AAACA948572197A47C65283E239DE6B54A9305AC304E8248F29E5AB15029AF3E234B49F4D0AE76C57B87C72491FFA7E7CE3AB1577D3526B9F737D53D32D7CF8EF12AD33BB7E6C28470B65F95703F0AB50AE1F3428505ACAE7C7B26AF44CD3387D7B939FFAD19AB36CE9AB8B69C7A845E28D2B3BFF29DBABE467368FBA06705F1433C6BA7FFA8A7E3C8FF4BBF3BB74F557B3325F27AE5ADA4D5BFF532D33B375DAB1267F265B6DB102E94AB0DB68F79B9743857E2287EA15C995DAEAC36D61409398EDB6F974B5FE24A2C4AF435C539C2E252DE6C9B1E4751BF95F585C284F9D690D25A75E507C9BFB2FE891792D37CFBBCF8CD4628B21340FFDECEA2F34B9F1C23C93E327B86E8A765EB8DE2655BFB3A9AD4B04B4927FB8447A7962F7CC7285E7F7BD11B7BE8CBB457561EAEB09EEC87A72D2415E9BA0503E9BA6B6798572DAF3BA7843B6AF4A8DCA66D164D2699F0AC2966FBDFB930694C1CE9745DA9D498061B3C6A2E3A993F8BAAFA48556EAE7555ADDA4E0967273B9FD7B0380B7314E535F5067327DA505F22215954BFD1615CC0D681BE20E7D3AA1C3ADC74258560B88B59F98B5FCAAC794EAA3A63526AA85566908CA4CF29525B19BBC87BB6DAA78767F29E4B5F3CBEF2F7DA95DB6B2E359C2BFEE0DC6B9965759EEB70AD6162322B47636672C64CD226E4461468D9AA9C57E9649FB8545E7689466FB8A0923E57A32AB1E93115ACD7EC6909A346E2BCD3E335639982247B2A3153F9DDF55BF7C8429ABD7CA9FAD8E77F4BF430D95B9BBE7F6EF3C2A3E2AC53276F5E39F8E9F76F884BAA7C4FA8A5ABE6F13FEF93A9D09A0F644DA6B531F33B2B55222FA9AAFDC9848438A095D3A34425AA32A7490306D59ADF9164CF9E2D515D301DBA97CAE4CBFB9C28AE725266FB38D0CA6AE5A94E3B3D5FD17DB59584942DD85C66FD0C9261ACDAAA230AE1483F9C657A6E0F6AB44300F9BE1D401DBA5BDF3BE6D042D1D2D8C8FEA671971E0EA32FC6CA92D5246BF69DB4ED156EDC407A47CFBE23525267669064F4E3D94ADFBF74DA73B40DDB6C55F5BDC7142F58961167B6BFE7F084C9F3694BEBAA2FDB44DC2E705E78854FE9F30F9BFA2BFA030A3925E273C39CAA0FE74B378BF8719C304B478215C69DF2022D51F3831713FA2CAAF59C7455D94E71729449298BCD4B1390844F1555E92C02BEBC19BFD39692FAFC511C5FB4B45EF7FEF79BC5D57B2F86FCF9EDC951E14F2F5ED3BFA1A82635F384AFC3A77ACE624DD91651A29989C351495BE25E148C1AE587249471928D59968E356B78B27867997269EBDEF8BEE76ABD8E56F2F4C4C91C96C56CD6E0C18F3F3D4BC01DE58DF6AB5F661EDD544ACD7F7FF27303A3D2FE1C1973E2CACBAF1C38E98D2A873A7A6A9A5C532CE13F6139909DFBC589E29D99026E34DB3A42C67A620AEF39525BA9D33BE8B8A0946D21EBFCF7733393879B140C89176C549564273B08F9BDA8AF3F48743E397172BCF53348B1C2D8D1097C5E82F347956E79DCB2A3E665D31CEFBB1D7E7781590A91EF8329DE6B26A54D32F5CB4D46993AEB0BB9E60E6875DD39F2719E3632D6E97BAAF763E3E83180BAEAC04F176AC3361BC235937E3F6DB06D8D14FAB369F3A8267ACEB8A70B7BBA404812FE176A23A53FBC4F492DE24D6CFE1D42CE7634F2CC453CCB854F96F3C8A7A74DD2F2991B37243BB53334824336EB29DF4EA98C86DA72F94A7E7A36E90E8984D349072D104BEFC77FBFE171C1DBCFA4C5D2DA47A44C589712F9FEDB4FF9FAF59AB9714DA29D89A98FE832A9BBDD28D468E92B24EC9429894ED92C6CD0D04070B0EA1C3E91378B9465FC4481748FBAE62A3DA24FEFA307F7BD5986CCCC885BF87AF462D311D2EFE9C4B75E0FDBF8FEC4A7BC51E55087FFFE3A01C77E16959849FADE6BC840957D21D7C873960B78E32DD3548485F65DE692A1A64A454AA9FC29CEE3558386D8E3E65AC70FEB7113579223592D9EC9136D5656B570CDDE0F6D40851F09D88F323F2A852A2F09F46C351C0DE74DF38B0E567FCA6AE116BB7BB77D4B46EE98DBBA6DF6DAEEC8D8A5DB2B0D49E62DA0E405EAB2F47A6521252A6C96EE6FD7C833F8A2EDBAF61479B4DF291D7954B32561323D50E2B49DCD93EE93F2BC1C4C76D2D4F2CAC0D8E7B34CC9DEB43B2AFDC3A896E53CDADA2613B7A260A83F5F459A4C0AD4C0466BEE70845B55BA57D2A51AA5245D29A128CE2C91E81581E0E5C4885E5E65FC9E8F3DFDE735B6C6C2A6ADE1DB567C29B4FAB9274A0DEA0D82F4AC16A6363A36A8BB5046AFC68E0CD089A4635B0E6556F2CA12593DF90CAAE519E49F62C70AE6BD2910BDC4E304F434C3C102143D2280FEBD47B820DC9104C2925344945E9A93A1505262FE3497AF106379AE90247B36572C3B52536FB9BAE9F315DF40F9C7499C26146F51D59E518AE3DA4C9F813220407ADD8CC27D83C7F3E1FD64F090644949ADE18C469E25E2C5B27525B2CCF4E4914F2F513A5DFCF6535B0150A3DF23E291643F8A2F2DAAAAB55C246FE1BAFBFDDBF4E954272CFDA3855B6A0C97AA945BC4C2048EBE5A91B3881F1DC79356349F9FDF09D6A14917026D9D58BA8862B513090C1ADA8FA26E522971CBF6F830E7AE5D079A28FBDD00ED0A075E206C324F44C964252A2A433CD1254B1ACB3EDF40BEE3841FED92F203D75DF6D547323D30D36964D657854156DFDD28844698C7197EBE174807EEB576F8B2A2120519E43FC7704199B3F44DA9463EEF03FE955C9ECB2964206DF34EB7EEABED4A8A8A97EE5288C9D4D7D61776443219576FCDFDD6EB79B8A7956F07D69068DE0229F997E9CB65EFA48BB7AB257F94F1CAC5F11EAA8778A009A07F1F68C2FED1DF33FEB148A2A9E8DCB717FCA3D0A2A5C9E113DC74F1D07AED75BFAAF7555958329F4C48A428F134D7744F59A66271229D933DBA15BE32F7A8BEBB516071462713C54A7595C151FFEDAAD272C7754FCB4ED1D6ED92AC2A6A4743D828BE24773539037B78D57EC75B3B753A73B779421C27C26996430BA7351151A6DC5A5C5AE564ADAEF4A8CE6983A72B0E5F0F8663D29559EDD567278AB27344444A6B0CFC25C6F68CC1FE660490EF9B2109CE0D43C64FDB406E71B97BECA5AD45253F5CBF6DF92036DDFEB14E73B830B7D2254F878F36A5C14FCA4BB4D7AC9FD9A67B86BBD63215FE5828EDE8DF2A0F999E87D374495B9856A8A9EED927B8DC672567D1770EB570EFFBF091F1F4B5CAFCFCAD5506DA2B729F925292FA3B296DBF4E574FBF392DC3A3EDF2B63471DB60B41171926E6FA5E18B15968787E49D6A4FB63BEF773B0A1CAE8047406C7F53BC4B67C26FD457C8C52F4ECC2CF10ACFF091D174BD6DF9BB74F4BB51AFDEC8E72EAC8974EE04EB0B45FCE532A55667B84D4B91C548664D7EB29B9C63B04745983E00E6CD41FBCAE1A412DB94F99FA8F4666AB56AD9A274A1E9B4467791CC80B42CACC9BC4CF271D066BE99A5367D1C28C3199534952BD8E27C0260956FEF9DCD492122CAFC9DE5F4F95993A16A8F3865AAF2BE335EAA2287BB48AAD0D4E80D964F94913C1A68B3EC7352655604FDE9745AF0BC1D271C9DB2827CDF29D8BD68B4F79895FCA9E4E972176E7E9B529433D4FA00BEA1BB3E9DA53D597ED3356D8D8F7D863C755C7FF358E276F3A3EED6B1F2A4115F9DB5B5FC4C740CF9F4EA6F6A9EA055BD3BEAF0C99AC1533F8CB5DEF563930BDA42A26023B90F59AF583A31A23F794E58580499835DF3827811E9E8544926932D2EBF6C1BCF7B9BF4EB4CF261D6A78B0D8DC8F9B6531D7478DE5954BA92366583FD01802D3DF8AC53AD6DA171B7A3304A20D960E2BF30DA843F2CEA79912A5A21B7CF7E6B417BEB9BE25E584B02AD572C8CA6631916C55B5BF3C2CE8FC4A39D6B3419545BC482C4E888A19688873DC1156D2EA746093FFA83F74F64726E23A06B6CFE9BF42325CA37F2A3CCD49EE0894BFA8897F249ABF2F964BABEF5E183ACE425D9E4E340956FE0993E0EAC88387EFEED25F25C5AD2F38533E565BA62F9066E0421D73F6262FAE77D367C24A14F021C1763F97689903CDD32C2F2890A1B1ECF5FABD2B393257F12701C05510E0E02C8F7C11107B7AC88E46E59262E891DB3A0771FEB5D797DA60D1EB365D21BB9FFAFD92D57A3533E9F92B0A86F7FDB64ED513DFBA70EB4DFEDC78A4DFD7BC298D9A6091CEC9E8332E284471770FD3199DB2D57FC21C4499395EC910862C9B71C99184C9EA4ABAAD5CAA459B29CB46836C58E4EE3D03B1C96F8E5459A6C72133FD96B5EC81C3A7E04991781C507026E478115BFB2A4AA404C26CD91D648BCC40555655BF823BD9C41C44A5CA95064F04CB16447CF16CB2BCB64A91C173FD8A9B2AA2259E6227EB2A951D26C34972FCA56D61C95F1BBC8A1CE4AC82C3A94239A65726D54A270ADA24AAB92664B95193CB289332BDE7600B353E5DA435232698E864024B35415C5995342E9352F16769AAC2C5B9868FA9EE12408A52515AA9589835C1425886B8FC8733284C9E646893D09C9C2B5724D852A3381E5228BD56020F088E38F47D4375C1B3410DF7FC11017D80002200002DD8C4063E9A6292B4AD23FD9BF685C37F3AC8BB883FE7D170914CC04011000812E4DE056656909C5793519C9BEB3C2887CDF59E4D12E088000083087C0A9BCB4BCABAFE47E3C7F2C737C0E364F319E1F6C11813D20000220000220E07F02E8DFFB9F29348200088000088040B01140BE0FB688C01E10000110000110F03F01E47BFF33854610000110000110083602C8F7C11611D80302200002200002FE27807CEF7FA6D00802200002200002C14600F93ED822027B40000440000440C0FF0490EFFDCF141A4100044000044020D80820DF075B44600F08800008800008F89F00F2BDFF99422308800008800008041B01E4FB608B08EC0101100001100001FF1340BEF73F536804011000011000816023807C1F6C11813D20000220000220E07F02C8F7FE670A8D20000220000220106C0490EF832D22B00704400004400004FC4FA0A7FF5506A7C693799397EC26A60D881A9F3475CEBCB499630704A7A1B00A04400004400004FC4F8071FDFB5BB5955F6F5BFFDAE22DA71AFD4F131A410004400004402038093CF2F0E1439B65F50DD7060DEC675BED9685C6BAD2BC952B0A6BA9D40F0E674C0CE9963EC229100001100001107021C0B8FE7DC88824E1FC2442E1D6DDFB2E2CB00A02200002200002DD9500E3F23D09E44F5775141512C9C605FCEE7A54C32F10000110000157020CCCF7B72E7F7F85A2C673225D59601D04400004400004BA2B0106E6FB2BB5A7483439C30677D798C22F100001100001107025C0C07CDF788B74EFB1800008800008800093083030DF8F4D9A4BA6E517CAF79EBDF53393420D5F410004400004184C8071F7E3D1B1BEABFBE2E3F51FEC3B6BBE037F5EFED1654F31F81080EB2000022000020C20C0C0FE3D03A20A1741000440000440C09900639EA76B77BBB1F293D7DEDB4725BDB56DDDBF8D1DD0C3BE032510000110000110E8AE0418D8BF3F5BBA970CE4A70AE722D977D7A31A7E810008800008B8126060BE0F19803BEF5D0F03AC8300088000087473020CCCF79151E348507597AF75F3D0C23D10000110000110B0116060BE1F30EC71D2C1AFD4E12E7CDB5180020880000880407727C0C07C4F0D1DC2A1A8C62BFA5BDD3DB8F00F044000044000042C041897EFC9EFE1CA779612EF07F4ED8DA3000440000440000418428031F7E39DCC9BBC64B73DA851E9339F214FD9C302022000022000028C20C0987C6F8DE680A8B1E39F9B97FEEACCB148F7562678070110000110E8F60418F93CDD6E1F55380802200002200002CE041877FDDED97DAC8100088000088000230820DF3322CC7012044000044080E10490EF197E00C07D100001100001461040BE674498E124088000088000C30920DF33FC0080FB2000022000028C20807CCF8830C349100001100001861340BE67F80100F7410004400004184100F99E116186932000022000020C27807CCFF00300EE830008800008308200F23D23C20C27410004400004184E00F99EE10700DC070110000110600401E47B4684194E820008800008309C00F23DC30F00B80F0220000220C00802C8F78C08339C040110000110603801E47B861F00701F044000044080110490EF19116638090220000220C07002C8F70C3F00E03E088000088000230820DF3322CC7012044000044080E10490EF197E00C07D100001100001461040BE674498E124088000088000C30920DF33FC0080FB2000022000028C20807CCF8830C349100001100001861340BE67F80100F7410004400004184100F99E116186932000022000020C27807CCFF00300EE830008800008308200F23D23C20C27410004400004184E00F99EE10700DC070110000110600401E47B4684194E820008800008309C00F23DC30F00B80F0220000220C00802C8F78C08339C040110000110603801E47B861F00701F044000044080110490EF19116638090220000220C07002C8F70C3F00E03E088000088000230820DF3322CC7012044000044080E10490EF197E00C07D100001100001461040BE674498E124088000088000C30920DF33FC0080FB2000022000028C20807CCF8830C349100001100001861340BE67F80100F7410004400004184100F99E116186932000022000020C27807CCFF00300EE830008800008308200F23D23C20C27410004400004184E00F99EE10700DC070110000110600401E47B4684194E820008800008309C00F23DC30F00B80F0220000220C00802C8F78C08339C040110000110603801E47B861F00701F044000044080110490EF19116638090220000220C07002C8F7DDF900382D7FD5B4149C76D7CBD3057485F5077E72B702E4400004400004BA04819E5DC24A3F1A79E77BCD6E45D137E71BEE3CA07AF50F1FF35CFAEB82B8F01E7E6C01AA4000044000044020E8083029DFFF7CE3F8D6F5F9A5FDB86F2C7F7F1527B407F540AFDDF5F147ABB25E797FCD74A4FCA03B366110088000088080FF083027DFDF39BDE34FB9A5E1E9EFAD9BCEB6F0EBC58E4B5F3AF7F4AA5D5F7E373D7D9C1DEA9DBA635FFDFD2BF577BA1B468A6285729E4C9EBB606EDC50BB405729C50877EC10761563612708800008804000093025DF3FF86EEFE68377272D5B6149F6D7B4BBFF92BFFFEC1D2A3494A21E949E3A9F3E6EB41973C3C1F756C94F3FB03137DED09D28DA74423D41B46EF9E470DB661440000440000440A00B116048BEBF716CDF811B23E6A524F6A36373E774C1FA8F7453D67EBC86D3EFB62677D95F8F1B1BCD317BF05DC17A3AD9F78AE1AF78FDA598F05E1465BCACFDDFFC8FBED61D97ADDF1D91376F14757EA768BDEA0E35EEF5BC555C72B2E0BC5CFE72F5AADDD4BCF7DF7B71987547C389BD057F3F70BA8E9E30D06F44CCF4DFA5CF7DDAF5BCA1E1EBF5193BCE53D356EF10C638C90F8D9FF7CE72EE608B2E77C4C81CBDF70E5ADB36BF8F4ACF964C776DD2B4CBDE162B3426F98DD705C4E11616BB58EB2EB4500D9B40000440000482860033E6E7DFAE3E7E8A0A4F8C37E7E0F3CADC03C3D2C57C4E3F324D2F34DC21675FDEBFFDC00D8A1A96FA5FAB534DC99EC489352CEED5CC15D388D48D2FF76AC8DED1535EA2F59C521F6F3E89FDAC665F1D15F3C2644BB227330664CB32B28BB474B227CB833B75DAA2EC55EBBF6EA0D75A580CE715EFAC7294FFE9FA835F9ACBB929D6BCA2D31672F6606FCB78E3B46AD3AA75BB5D67F27BEC82531358010110000110081202CCE8DFEBCE69A95ED39F306561E3F1FD07EFC4FDE1594B9AFFF9817DE8BEEEF8813A12979817A758F2B53548FD62E6F0471F2C384F72FC35EEF461935F1CB7FBAFA7CEEF2FBF3C7DB6A3241945D87FA7D7A4E90916DD0DFB73728FDEA0064F485F9E3E7D5428F5F303DDD1FC4D9F1E3FAFD87D6CD2F249FDADEA6DEF47FE9AF5801AC35F9D3E3B66188B6A50BD93B1D3B6CFA1D0A698D335FB5305AFBE7FC0A1A643F1C2EEF53BCE3FA04227BC2A4E9F363A947AD070726FEEE62F750E22A4E8B10BCED5B106022000022010240418D1BF6FB8ACA3A8A8E1E611ED4BE7B50FA8F050D3C03EE9719F3876CC1A8A07972ED3FDEEA8B818872EBF65E750CE583A3D9FBF7499BC864E9A36890C7C5FFE4273DEB2DBF476F96891F641BF693326B04CABC6E37BFF4EF60F9BFB9FCBE9644F961EBD38CF2F494F22AD1ED756DB4F334CD2A697077DB92B3E26430B24D9D3CBAF5A391B7353CCA4A3959707C7F7EF276315FDA62D5D327334B95581D816FEF4BC773F5C32C1B182172E3856471904400004402068083022DF3BD1BED778C7BE7EE3D8C163B6C46BB8F123BDA767887DBFBD141A6E9AD5AFD3932C49F51AF7EC0492F06F6B8E9FB54B9C3FBCEF3235ECA529A32D9B7E387D9CA8664F9A30C22E43AA721EE79075ED0FB58E5B2DE5E7DF488FB39C88902DE133D7EDD8B16E7AF3FB02DC146BA101DBA65AFAAC87EA95F46C8CD315FBFE614EA73A5EB8606B01051000011000816022D04A0F32984CF4DD9690D61EA773E1CBFF3DD3AB17E530A4EF6663AC0933A6F53BA6BAB3FFD0F1B963E9D44F992E1350E3E6592FDD530D1775F499847EEFAA57F736D77AC73A43D06917B1C59DC54DB13654DDFEF1D26DB23B6A78441B425EB9D0963EEC030110000110E834028CE8DF870EE3F4A26A2F9927C985859171FDD3E72F53B7B505B95F364D9B31C90A3F2CF451BAD8D468DDE0F87EA3414FAF72D8960EB079D6DE838A6FAAC83DFA642E5FC581630F7A91717EA7FE31BD272817E35D87418EA0B41046810008800008F8950023FAF7D4C89809D401ED99CBD493C3A81113A68FD8BBBB70D5AB85643C3B6EC99CB873AA2FCD487B0D1F464E051A6AB5A76FBCE87AA7DD4FBAB3748778F470DBFC3CCBACBD639ACA051326DF38FAD569AAFF8B339EB677D04D670FE7A9A879D9FFF522511B5C4B7FFAD4E63C39B5F9B92DBB82DA85B60CC73E10000110000157028CE8DF53AC78EEB47E0DFB8A8ED3BDDA612F8AD363C884381627257389A53F7EF0BD5725071AE853012270FACBC3F4AC3C87E58EF6F3BDF4D4BC71C913ACB7C2DB66ED69FFF9CD0DD36D78C3E670473B5C38E8151D1343AAD46A8ED539680A92226BF8307A3A824E7B869E8E605BEE9CD53ADE8F17D42ED88C46010440000440C00D02CCC8F7E4F939FFFE8749D4B182FFD5DE213D5AF6F4D59FEED8F1E9BB73C792C97131E93B4C0BFD449A6133164C2703F2970BFFFC5EE1E906F3443EF2BC9D1DD28F8E903385D017E73A75FB7B3DCDE592FEFCA92F376DDF7F87DCC5F79CADEF6F021F3A296526AD6CEFFA777697EA1A4CC3FEF40E6383EEC481DD8AE34E99D68D50F95564D804D33D87A7E5395FD699FC7CD070BA3877D5BB5F3A9DE904B50B7EE5016520000220D0DD0930633C9F44B1DF84057F9EBBE9BF36ADBA316FE9BFCF8819D68BDC0D7F477FAEF4ABCB9C3F4C1F6D0D73AF27D3D7092F93E7E99E56BE97A1B46EA5DF43C9F374C9C3F59C961E3193A7F53BA0BAACABA57A4D9EDEECD27DAF9857D6A55F5E55704AF7E5E6772CD70C6CF547A54FB7953BA3306C5AFAF4AFDF3B70EDFCEED50B775B0CE815239C172FDFADB1DB13D42ED8CD44090440000440A03D028CC9F724E33F9EB22E374EB367F75FDFDDDB709BBE1B2D943D2636717A9C33A3F069AB3F7EC2DDDFCBA167EDA9765FA6FACD986A9AA5EFAC8AEA113E7DD5D6B813457BBFD254FFD040FFFA8EB9D1E7B92F702775F2457D564C7AD6BBC30BF2F77E73F9CE03F2A0DF0973DF5830FDF1DA02B9B30FC1EC82B3A5580301100001106883C0230F1F3EB4EDAE6FB83668A0FDFE6FDB7614400004400004400004BA3401865CBFEFD23182F120000220000220E02B01E47B5F09A23E08800008800008043F01E4FBE08F112C04011000011000015F0920DFFB4A10F54100044000044020F80920DF077F8C847AE2CB0000200049444154602108800008800008F84A00F9DE5782A80F02200002200002C14F00F93EF863040B41000440000440C05702C8F7BE12447D10000110000110087E02C8F7C11F23580802200002200002BE1240BEF79520EA8300088000088040F01340BE0FFE18C14210000110000110F09500F2BDAF04511F04400004400004829F00F27DF0C708168200088000088080AF0490EF7D2588FA2000022000022010FC0490EF833F46B010044000044000047C25807CEF2B41D40701100001100081E027807C1FFC31828520000220000220E02B819EBE2A605EFD863D5BF3D26F526B67AC5F13DBB6F7A7B372F66C7011792CCD981AE3B2CD61D55AA51D31871A7E2E967FF62AF75F143F3E5B911CEE67D5FA0382DD054A6ABA469C9ED8B6EA5305AC03075C4424D377648E73D916C4AB1552D6F31217FB24478C99092EDBFCBADA298DFAD583002AB3C209781402E88387AA7FBE764AB5B770BFA674EC6AD552D387E7641E4F7A3669F6BCF439499C500FB5B5277EEBDCD7BB777FA129ABD4DD20A2F33E39BAAC0B7D5EDB73AE9BEC47BEEF2681841B20000220602370EDDB02C99FB754D2A997A2C6DA3653B76A2BBFDE4CFE078C5FBAE9BF05E306F4B0EFF2A974AE4024DCA2F349052A079C00F27D0011C7AC11AF5F63D57FE970DE286D83750DEF6D1118976E1C976E1568506CCD10DEB4AE7595F7844CA331D36AAC5E313F4A58685D0BDC7BA7341A3877A0D95B02574AFEF4DA06F52D2A64EC8C458B5E9B357EC4608BA6A7961DFEC79CCAA2ECF57FADACDCBC58F4E3A68F97270DF647CA3FA591EB288A3377D3A6C549917DBDB51BF5024C00D7EF030CD843F5F4298291FCB735E6EFA14A8883800F042E29042CB248CB7DD04157B5E8A1755997A8F85902F16695EEB68FAADDAB4E9F0CD14B602FA9D86CF117379B42B70B8D27F3569064DF77ECBC0F0AB749E625450D0E71C8E821833949AFE5AAF6AC9B1345E9F6AE58FDB9CE6DC56D0A363692DD49D390ECDBA4D4D93B91EF3B3B02681F04184A405FA351CA32F8D12F4AAB8C0C45E07FB77F3EBB5BBA5B4785A4BEFBC9B289D66E7DF36646CC5CFDC1EAA4BED4A90FDF2BAC6DBEDBE32D43468CF7B80E2A743801A6E47B32C96E1D2B675D563545DDFC61CF9E9CF13964F5DDE7B7EF29B9D8E400DD41CC612B198A27755985A71DB6998A77EB8A0AF35A51E52ADBFA3A99A347DBE6F83FFF702B23FF4DD72B0EEF59942F8DB5C84B676FFF9FCD877FB8DABAF6B6F73468653B57C5E7BECACA59C8DDBE5BDD4AAB86BA6356B15759B9CB043BF7BA4A92B97839444981732F900CC5938DAF4A4FB91A61FC5E23958BA24895DC65A2CF8EE9E8BE81B78BDD8557A3F25689555ABD2FDAF4E58A2C11EFF968731F34FA799E688D4CA135381A67BC54AEC8160B66C5479984A2C6F344D96ABDE361E428ED4EB9DD465BEE2C92CB04B405D20A77DA709269DF055B777C945049579570CD442CAF02C5252785945E2D5BCE3713891ACF176F6E0D884463EE659357437DCD911C019BA22A24B21227C26E697364E2D43A2FB3586F318ECCD1735D9A596ED693554EDDAE912F8D8F8A8A1715EA4875A356261C1FC58AE5E754389F8C38B5D5CCD3407073C7536B346E1D2AD8524B85CC58F7C6C410EBB656DE23E7BC4D4FE23B95F759A52F9F18B3F6C811F41C81B3BA2BAD3486CD41418061D7EF9B7ED42CDA7F68BB057D53C5B5D32985D70BD24469919E47E3CEE9AC823D1BEE9B2BFAA6CACDC6AF5464288B375B5A34D7B977F0DAB983D77A3D3B65E41037953888D51F10FEBD40F18B79CB83F26B5FF2769FE6B11C044C45DD3FDFE37D735A67DBFCCB0D65439172A75A32FDFDCC71FD6C9BDD2F5C3F5530EBC001CB99C12F37E4FFCAFF6AD75DCD82E91CCF4F3E0DDFE4A7FCF398ED2443DF745956B3E9F3FA74EFB4E98AC5E9A9329B36E291AE422D27FFFD9F16C4596F29B8A4105A52A0C5637DB55ABE46FD9541756643723378ED5371ABD1F6D57822E16F170C072529B3ED03FEFA6A952C43F5F93772CD5601A70DBB58619C0491E43DB562A1525E7D46966221ECA9B6EBDA1CFE4B992A6B8A27E1F0E60241D30F8AE5AB44BB682DF20CB9E0D989CA97C40A7A4D95F9475972B938DEE488A7B6B5E13DD9E5A936373CBDA651A929D2B97F397940DB6D9BF6464E9F3773D39FBEDEABA9FC8FF149ED9D1EB4A32F92433AF89575A4E7E1C577693BBAB1DB5F043CFF8AF557CB9DA2274B7BE8E8C0674AD2DE21D7C86F2F146E1E48ACB892BEFF9817FDE34F8EEDD9D9DB2FAAACD7EC4D57EE8F3CD61A981F722DC93E3C6B8AA87E89E932FFB2CCFA34E19E586F92FD2FE7733EA7937D223BBD4CB8C328DE6110AC90F6BFA4BAEBDCFEBF8AC474B2EFC57B7C45ED125ACC285C2767935B796E480E6D525ABF649DEBB4BDA6597C481369D556FFE25CC1AF28BDA1405A6A9E49DC765DE7BDF55F8AE8641F2A8A5F57BFD4E402FF75516FA26D574EE51D675137D6B439E664CF4995AACED41BCCDDD09FEA6BCA15B238D209B52D2CCEC21C45798D55C2505F2221994ABF51ADB589B85F70B751F735BA23E9860BC3050A33810B723EADD2A15F4E6F5708865B1BAA5588E8649F282A28ABBF4DEF336815A2044ABF6B558E4BAFDD5AC3F1BD8FC3A5657ABBC7DAF217BF9459332B4773C614B133666BAD2D58AFD9D366193512EBE616DEFFB66AD5F9259A7A6359563CA5DFB6EE55C989C564AD469E4251DA2A9DF93877C7B600726BD353B34B8D67CE9691D26FC747B7E0620B9B063C95F41CD9FC8FFF3BD7C24ECF3635DEBFE559054877020186E5FB84C894230B53B891F4B046CF812317CE98348D94AE5597793EFF3BCA7FAADC89BBE1D8819574CF3EB2206D59465C64586F53A59E7DC22247A6CC4818E58E0A271963D5FE0F89BE90E91B5F9E1E1F46EF6245C489851F2B1D531B45957F53A4A228F6D0D7E52FC5B1CD6D868D16A4AD939333A55FCE4B2BCF3B29756BA5EF6B933E5458B5858D4D9144D337FACB7FA8761ED26D57D703F591BD4A8AE2C5ACC9491E1D66EA9DB0385CE9844914F54076E1B4F3206CBBDA0CAABF6596134F5F91AB768A93A3C22C3DF5FE619C38BE7036C75E7F385FBA59C48FE358255861DC292FD0BB6B7E7019E2B6D769ADE476A3AD29F06EBB3F5D30AAFFB68A8EC2E6829CB4F830D37021EB09BE749D989C02C934ED5E97377EA72D254EF047714CAE78A14DCF59AC29DB224A8C3245CCEBF14AFDD3EBB76526865191C38925FA724AF0D11AB2C6191947EC321AE98B355ED866F2A9E5172FB4B9E1E995CBFF479A7B322AD2DDCEFAE06151A442E359DDB596CD7473EBDD2BEAFFDD7D96A292C7D0EAB0042D0186E57BDEB8679CC6BD1F7B6C321D9ABAEACB1E47C88FAADC69FBF4953A2216377A9A37971E5A68A0A65E4B3A2DEC880989E62C6E16F955BF418EABD4F9D2FA0764CFBCE809618E3A7E15CE7B92FE22ACAAB7F47C1C77B6579EF0C2B36478C0BE7086D1AAA86BE774F66DEE94CE95D1B685F3A387394AB34644F1C9FAB5F3358E5BDB2F9F29DB4284E2DF7AB3CD2168AB1EBD469EB988C78D355F1CE64AACDB3D7CF7AC510F95B723EE27176ACA0AC87194CCE7721CDB638D8EA7A370B0AAF528180DB5E5F295FCF46C3DC51609A79B4F33BDD096B9914ECCD6C5D4BD56A4399FB45A77B6F59E2116389C340BDF16C6BB4A7B619BAB0A87752FB4B9E1E98D2B24E952A1BDE9714BF7161FE7D95D2B5E31992C33E6FEA9E47ED2D24F32A7BA7319C13DCB201500025E9F0F07C096CE50193E8A7C346E524D3FFBDEB81F553537A6E1A269B87B743FFB575B73210FB6DCA9BF468F78270DA6FBD6AD2F8DC646B293133FA2978B4CD80053C59B9774E4A4C1659FA7ABE1C3496E50FE42D1C317EE2FFACB55F4CC8306D167AF8A9AD76A6CF44CDBA51F4C99891331B4B92EE72D645657065FB45DE7BCD5AB35F71BF54A7DAB95FCE9424D1549F7945A14CB6A210A5A63B32890797F1227C3D83CE93E29CF7C167EC9536D44936520C649A7172BFDFB382AE24436FB9C79635BEB7678A3CDD1C0D635630F08B44E8061FDFB66206EEB5DAE573793707B831F55B9DDA6D782770D74220F8EE546832E380C71C30A6379AE90247B36572C3B5253FF93E9BA70DB1786DD50DAB12241E20227719A50BC45557B46298E4326F3D321101A399668BA71DFFDCB9357EB2A7D697BF0EC4D47C9B27FE7BAC9BD4B37FF315B838BF8BEE00C785D86F7EFEF5FAFA72FCD0DE2B47EA32AD9DD44FEDA5DDC53D5AE9A5604C21F2363E037A97F5E2377CCB5DD256F4581CBE6B008F20C2CF2AD60999CEFB2D7B61AC22217021B7555750F04114E5D7CC32DD3AD7B0387736CB22D16DAD14FD731DE345491B7FEE19E8D13848572E8DA1CB9E05D41045DF269193E329AAE5FAA23D7E087B7AEC958F6F90662ACF0A35D52BED385A1D6ABB4B1C7CD465BD570CF9DE3D2B5B67F5D1812C1A11BE0CBCF28046E5DBA25F3FE32135D6DB2AE7BACCD5AB103DEFD6B9B7FB5D9DC8F1CF61B7253DC77B5571A290EF9E4B6BF5CBB4CDF7C1F32B6ED2FC076F5F4E5CC7C6DDEEEFDD95FD7D4AE9B8AA7E6B7CBABD30418D6BFFFE9CE3D47D4572B2BB2C97ACF91B1918E9BA92687FCDE74F1D07AED75A7DDA615375535AFE8DD9698C811A4A2FEE2913D57BC53E05CAB17C73492AFAC3B6D70DC71F77CE94F8EEBA3934C697E77CD7127B15F1A54DFD1B3D1E32338CE49FA81E30984EED0E6552D3C3AEDC675A721951BAAD3C76855C3C6721C5B6EB7DC7BACE969223AC5C9CBEDCABA21F0C4C445444A9F2F53E8DA90BE5A6FDACB89744EF6C636AAB4B5CBBD46ED1A9CDAD1ED92AC2AB2EF73B7E45F1758F113179096958A833A770D6843CEBFDADA68C88B5DFEB5CDBFDA6CEE843C31762259F947A9D6BDE1BB5B274BFF49E47FFB9B313615DE16427AE3D2BDB7EC3AAE1EC3F2FDE6631F6590A7D3D057159BAE9E2FF9CF0A3A792E7A665A9C85B8A91B4D517FAB3C544BA7FCA64BDAC2B4424D75CF3E96FD0E6FEDA97210F547316CD2F48DF454BA2BE97B723656D4E9EF9A4F499A6EDFBCA23D565CF883A76D7062A6F3489D6B05E243978DA417FECB03FDE92FC505EB339D923195F86C0A11D3FFF457E13EADDE7C31D6705EB1673DFD40FB5F8DCE1C3FDAD26E78B8A97F7C2C5F6DCABEF71BD4FBDEE19EBCD2D23CE1E3FC825CC5D91B74A38D37AABECE79F31A511527996855E5AE27A1BC84E9A4A7A83AFD67C1BE63350DF4BC427A697CA0D76915FB76AB9C4E5CCCFBDA780DE3FD414AB4E97709B9F4FD787AD3946C720490696555CACDCA1A73D5E123E3E9139CFCFCAD55063A00E4DE33A524F577527AAF4E574FBF79B2B8D728D1681909D896BF4B47EB37EAD51BF9DC853591D6E396DEE8E6E2A90BC3A3ED2EDBCE376E1B2C7CA830DE62FA7644D5529E205B55A3B74A3419F567D48AEC1CDB6DF1EE59E75F6DEEB5E9AE9487B67528379B0F83B9BC64F219F847F1317706D6AF1CD8FD35E9DDCFE58E0FB169F0B67045472E0C8C1FE17C22ECAD32D40B1001868DE727F4EE51A8956F76B8537AD4E0A96F4FEA6FA3FB4C744CDCC5D3DA9B9A27F234E68D44E0D3C7FE6FAAF69E4DC654E833BB2FB5B94D55CEF2BEAF8D5CCE9FADA36FC1BFBEF6D8A76B8F39295C3B63B6D3BA1B2B2366481EFF52F5FD0DC5C9558A931679CEE074797881B0CEA1FAAF53729E3D4D9EB7A3FA7E5354BEC3762A543275059F4E7EA6E557312FFCBA9FF45F771CB4F5123EFB66F2D94D42979E460887471D177E79DC5A93BCF7123E93CE6BF38A8A83B0BDC88A4E2FF8E932B14DF97D3EF9B7EFA04BA3E589CE1BDA5D8B131714EAE85BF08B25FC6289B3B844B3D4BC2151B051909FAE502C9DA8B06CA1A85142F1A2AA9C2D5592C92C097D9F7AEBE3D5CE4AE935B71AA5E55E581B2FDD50A55818AD5868D6C211EE2C48FE8C2B743896CD3BDA7BF5D48578DEDB899295E54E2E93FBF1ADBFEDCB1A9F59B053C79B2F57AEE12BD7B834CE97A7B96C6967D5BFDADA69CCC3DD1EDAD6A1DC6CAE0C989ABE689B7ACBFEF59FF22665B4FD88BD2B5F7CB0993CF972DCB297FD91EEEBCE121BC68E701E28B599854270106058FF9EF7FCB2AF1362D24C6739EC9E8332E2844717701DAF3BB26253FF9E306676EB0296B0F57C72EDC26595716E48FA31CE9109D96F888FC43DB5A86F1FEBBD433DB97D4764C5A5FDE109CF9BE915FFD2FB55F193783DE90BF3EC9EC3C4F1EF96FD7EFAC8664704E7B9D5657397E4840F8B36EFFA55283F3C45353FCFF9E17ABD12E7AC550C33CBF48AEE3B493EE763D973C39A5B15FFEB74E5FC77E5AE925ECE4920B6D5CC5F218B88490EB14C2FE084840B23E62AF962FA41AD1E2E9CD9399A5A8D3C4BC44FE098ABB26393F98BA4F223AFD94E1E3869B2923D12412CAD9D1D4B9EA4ABAAD5CAA459B29CB46836C58E4E73B9C0D1BE05EE344A66A127AE54283278A40DD26CF46CB1BCB24C96CA695F7B4B129EBA10BFBC48932DE2734D8DD30AC9543B7E443FBB6A4EAAACA6963C534F986CE5C649481666C8945A99FDB13C76F1764AFED5D64E631EEEF6C8B60EE66671A5C7D87999F3385463E13B8BF3CAC8D0592B4BDDD7EFBDFD5EE95D6ADC5BAB531DBF005B116F77B365DE1FC3FA8FED62093681471E3E7C68B3A9BEE1DAA0810E9F63DB8EAE5F200FC6CF4BBF49AD9DB17E4D6CD7F7061E8000088040AB049AFF1EAEED27F21AAFE9CCBF874B06FCC9CFD7FAEDF770FF3A65F1B646FAF7705F1F1F39C0F7CB03ADBA861DBE1068D69BF34519EA820008800008743681C859FFBDEBE345E3431BCFEECF5BF1CA6FA77C62FDC5AA9379537E3B7FC55F2B6F5103C62FFD44B63C69700FFFD83A8E2BE490392C7B57CCE54DA19FC03339CFDAA47FF4438B5F0860FCC52F18A104044000048288C0E067D273FFF1DB53AABD85FB35A50E760D881A9F347B5EFA9C244EA8C356DF8B63D2772AC7EDCE2FF8A2AC5277C37775D010100218CF0F0856280501100001100081A022C0947C1F54D0610C088000088000087430015CBFEF60E0680E044000044000043A8100F27D2740479320000220000220D0C10490EF3B18389A03011000011000814E20807CDF09D0D12408800008800008743001E4FB0E068EE640000440000440A0130820DF7702743409022000022000021D4C00F9BE8381A33910000110000110E80402C8F79D001D4D8200088000088040071340BEEF60E0680E044000044000043A8100F27D2740479320000220000220D0C10490EF3B18389A03011000011000814E20807CDF09D0D12408800008800008743001E4FB0E068EE640C073029714021659A4E59E57450DAF09E8F798A867B544DD121196608FDE6BFDA808021D4C00F9BE8381A339F708349CFC6C87E4F5D52F472E9F13B9FCE5E725926DC72EDEF8C5BDBAAD4955FD45FEF8E3F20F4FB4B61FDB3B8200A2D01194D10608B44000F9BE0528D8D4D9044EE6BCBBE63F8E7F537CA7D16449E3B96BDFAC512C99FF17F5BF7C49F91123FA53548FD090CEF68ED9ED230ACC8E3FBCEF4402C8F79D083F804D37ECD9BA8E95B32EAB3A806D0454F58067B3FE6D53B9F48B2BB95F5CF960C7D72F4E1A4F5195E77265C76E7BDA6CDDE77F395AD5F033A936E8D13E14D567E8A3A4F8F3F5EA131FEFA8B9EFA132EB28EEC4DC2AE79A06D5727AC09DC512282E39EF7167AD8387EBAD5E982D36BD46C5CF128837AB748E745B10B3D79056B8E3985DC69F51B06BEDBCD27081C2482F8A3476E719819641C03302C8F79EF182748710784AFCDF92D7A644FFBAAFA9B55E837EC35BF35E22E99C376E3B53E3A101D5E7FEF6C1B9971377BCF0D681EFC2E376ED9C105B7764CDFC1DE37FABFD30EFC2094F13BEA5F1AA9D6AA7846F28536DF1D0AEE012D7D76894B20C7EF48BD22A63202C0B48140261287482403726807C1F14C175E88E375DD7A83E4DCDA37BE7AC9C7767EDAA709A0FE4BC377557B1E6C726070F2C7A583979E937E9CD1BF69BF5585EE71F6EB00A3BB468DD44DE2F1DCEA3DB2D3CEDB0CD41D2B97507DB5C65E6E7BD6BB25FBAA8B0A2D6D14007BD1E1623868CA06BDCBA7DC3B38AA3C76DDC19B7714DF86F7EECF1ABD1232626458D0AA1EA1E0BCF94C6EDDA9AF0746FCF9499A479B3789456A1D6DAAB1A48B2A484C205F62DA464BC54AEC8160B66C547997BD0E379A26CB5DE1186AD033D4AA8A4AB4AB8F6FE3329B53254A057CB960BB8B1B468F4F32269898EAEEACD22D1987AA8F48BA1BEE6488E80F4542B24B212834599B50B4BF6D716F0E98D6BED3532133C6AD2FF51A01C074568267C33E8A8F1BCCC62FB67A6FD28D8FC30D428B34426B051F1A9998A6AC33DDB2E73C1162F8730B534CE512EA5055CC3579E65DAEA3CBFCF50AD942EE2590E11563477B640BC41AEBED4FC9CEB54DE64F3B2E20BDB67D8C53CAC82407B047AB62780FD1D49E0CEB9DCADFFB3F2AEADC9268DF19E3D435CFB76ED9EA28DF62E6953F18F15C5BB2E16A489D2226D55025668DB3673B3AE32F7B65F2C2E29EC599DF60CE99CFBB6FCEBCAF744C16F2222423DD3D33B3C2689FC3F3D77D689BDEAAB31C9BDBFA9EE91B97E768C3799DEDCF2C4543E5522521CAC12C7C59BB618D4C5726A8182C791CB6DB65D52082D59DCB2495FAD96AF517F65509DD990CCB2897958B8AECDE1BF94A9B2A6335D855C92F295A1F88C749AD72A4D16B0C2380922C97B6AC542A5BCFA8C2C25D143BBDA15F77F146C4DBA30219CED5725DC8FC2ED72E94B5C89E52285BEA63847585CCA9B6DFFACD99AF363415F284C98AFB0069328D6951F24FFCAFA275E484EF32DA07EB412AABA1101F4EF8329989F1C23C93E327B86E8A765EB8DE2655BCDC3D9160B1B7629E9649FF0E8D4F285EF18C5EB6F2F7A630F7D41FACACAC315D62E5978DA425291AE5B3090AEB6768679D5F2BA734AB8D7EEB6699B45AB49263C6B8AD9FE772E4C1A134751FA2B951AD36083D74D938A0675A196CCDD8B164D89F64ACDC5E32B7FAF5DB9BDE652C3B9E20FCEBD965956E7951A73A5E864FE2CAAEA2355B979F5AA5AB59D12CE4E763EE7627116E628CA6BEA0DE64EB4A1BE4442B2A87EA3C3B880AD037D416EEA3E3B74B8E94A0AC1701723F317BF9459F39C5475C6A4D450ABCC20271CFA9C22B535FE2EF29EADF6E9E199BCE7D27E8D82A579139359391A339333669236D3DC88022D6B50ADF91D49F6ECD912D50513DB4B65F2E57D4E1457D914D1055BBCE8E8D4CA539D767ABEA2FB6A2B49F66CC1E632EB4142C6596AAB8E288423BD3F19F5DC0CD4601001E4FB600AB6BE77CCA185A2A5B191FD4DE32E3D1C465F8C9525AB49D6EC3B69DB2BDCB881F48E9E7D47A4A4CECC205FF83F9EAD0C6C478466D4866D3684FADE638A172CCB8833DBDF7378C2E4F9B4A575D5976D22DE147ED17FB62577DB2F212FBFF89F2F9331678F97FBDF6F1657EFBD18F2E7B72747853FBD784DFF86A29AD4CC13DE8F8B725E78854FE9F30F9BBA83FA030A3925E273C39CEC1ACE976E16F1E33861967E1A2B8C3BE5055AA2E6072F26F45954EB39E9AAB29DE2E4289352169B972620099F2AAAD259047C79337EA72D25F5F9A338BE6869BDAEDFA3606E4ACF59AC29DB224A343371F8C4D0BBDD8CC205A56C0BE966F3DFCFCD4C1E6E623B245EB05155929D6C6E2330AFFAFA8344F1931327C75B0F128A15C68E4EE0F3129C8F25BAF971CB8E9A974D73BC3F670F8C1FD0DA7508B87C3EBA8EE1DDD2D23593D22699FAE526EFE8CE7A9AD5CFEABA73E41B69DAC8D851D62DF47BEFC7C6913180BB75D517A969A31D77F8BFDC866DB6C6D64CFAFDB4C1B63552E8CF26E6DDA49AE8D9F15E2EBFE88BB397FC471DF532EFA3BFF0BCC9F684D2E3BFDF5057A77E342D96B66144CA8475EA9AA8B79FF2E17B933D5D20A494F95FA8C5094F1EDEA7A41629278651679A79A8D7C83FDCA9283DAA2EBFD06C9F371B32376E48764A054323381455A5A77C3BDD331A6AB5CABFAC5B974B7A9B22E174EF20B7EB8FFFA3606A3273E39A443B13BA0B2E7031A5DD28186AAA54A44E2A7F8AF380CAA02176C52E3AFDB11A3771259BDAA816CFE455AD12895278F1E6530D7FA8860E10689100F27D8B583A6963CF56C3D170FE2A6DD3C1EA4F592DDC6277EFB66F5FF8EEB8DBBA6DF6DAEEC8D8A5DD283DB8F8D9876FFE475DBFD7E66ECA7ADE873C3430F6F92C53B237B51995FE61941B8DB725322499B7809217A8CBD2EB958594A890A47BE7E5768D3C832FDAAE73DEEAE39A65ACC0472DD6EA647AA0C45A36BDB379D27D52DE10A76DFE5CF17B1468E3DA64E25E147417CA684DB1237D38C268051E2EACE49525B27A7290A8E519E49F62C70AE6BD2910BDC4E3B81E4C1E2A863808B44200E3F9AD80C1E64E274086F14DC97E557ABE4FC93E208E8425A78828BD342743A1A4C4FC692EDFD0C6F25C2149F66CAE5876A4A6FE27FA7AAFD1A89104C412DF957212A709C55B54B56794E2B836D3A7EF4D75A80677A370FF765587DA656BAC7FB4704B8DE15295728B5898C0D1572B7216F1A3E378D28AE6F3F36D75500001EF09B4DAA1F45E256A0680C0A0A1FDE881F194B8657B7C9873D7AE614D94FD6E807685032B70BBB260053D8CFFE226F1789F27F707C0D4B0C93C11259395A8A80CF144972C692CFB7C034921C28F7649F981EB2EFBEA14991E9899E8AB9220AEEF7614D811C914A50EF8A1DFCA478B35249AB7404AFE65FA72D93BE9E2ED6AC91F65BC72717C10A385695D9400FAF75D23703DE31F8B2496169DFBD63F5782AD5E37397C09355D3CB45E7BDDBAA773DF6F1CD9F4DA89EB14FB0F122FAFD907DEFCB0643E992C4951E269AEE99EBA5AAFA3F770229D933D7A6D34950E5BDC8E42449429B716973A77F375A547753E19EBF0D9321C93AECC6A4F193B51949D2322525A63E0AFCFB5670CF6774702C8F75D24AA43C64FDB40EED2B97BECA5AD45253F5CBF6DF92E69BAFD639DE670616EA54B9E0E1F6D4A359F949768AF59BF769AEE19EE5ACB54F863A1B4E77FAB3C647A1E4ED3256D615AA1A6BA679F60E071F758CE67DF345021ABE6CCF661525DA03D612567D1C3F42DDCFB3E7C643C7D29383F7F6B9581266E34689592D4DF49698B74BA7AFACD69191E6D97B79D14DC36186DD172926E6FA5E18B159667B3E49D6A4FB63BEF773B0AACC9BC4C122F6DE69B596A53BC28C3199534952BD8E27C02E02E2C362785882AF377961BC87B93A16A8F3865AAF27E9C73FD8A1CEE22A94253A33758426EBC5AA3DA2CFB9C48CD8A68369300CFDB71A68735AF08603CDF2B6C9D50A9F79895FCA9E7F71CDA7EF3DB94A26F5D0C488D7BDE65CBF8D867127EF8B6E2E6B1C4EDC7ECBB1E4B33A6C698579F898E89BB785A7B53F3449EC6BC65D4E0A99F3EF67F53B5F7ECF29D543AA795FD429A6E7CFF6F73DE7731E1E9AC2BAF3DE5B22DF85613051B05F9E90AC5D2898AA556EB4609C58BAA72B65449269369722E63E9F1BCB713252BCB9DE4C9F3F68E183D7C8C3C10635000000879494441549DB52DBFBC93C7C9393F3288DAC0656DB0A8EE64DBDC72D0ED28B09297640BB6CD57946FE045581D647325F2DC2AE172A55B4D390971A6BCCCA78A94E51BB8566DECE40D7F5FDDC4E53B3C93919C05966F97907FA7AA64859D2CF99380E3BA15EB20E00702E8DFFB016247A988E46E59262E891DB3A0771FEB5D797DA60D1EB365D21BB9FFAF593F7874CAE7531216F5ED6F9B963EAA67FFD481F6BBFD58B1A97F4F1833DB74C2C7EE3928234E787401D7D769EB1D4522E8DBE1A4C94AF64804B1743F8D1D4B9EA4ABAAD5CAA459B29CB46836C58E4EE3B874E0E2971769B2C94DFC64AF792173E8F81164CE06161F08B81F0576AA5C7B484A26CDD1AD8D4A1466A92A8A33A79886C0BC689F9D262BCB16269A3EA49C04A1B4A442B53271908BA20471ED11794E8630D9DC28B9FC93902C5C2BD754A832135CE683B8D4C42A087849E091870F1FDAAAD6375C1B3410DF31361E2880000880409010682CDD34654549FA27FB178D0B128B6046572380FE7D578B18EC0501106020815B95A52514E7D564247B0606DF5F2E23DFFB8B24F4800008804080089CCA4BCBBBFA4AEEC7F3C706A801A86502018CE73321CAF011044000044080E904D0BF67FA1100FF410004400004984000F99E0951868F2000022000024C27807CCFF42300FE830008800008308100F23D13A20C1F410004400004984E00F99EE94700FC070110000110600201E47B2644193E820008800008309D00F23DD38F00F80F0220000220C00402C8F74C88327C040110000110603A01E47BA61F01F01F044000044080090490EF991065F8080220000220C07402C8F74C3F02E03F088000088000130820DF3321CAF011044000044080E90490EF997E04C07F100001100001261040BE674294E123088000088000D309F4640A8093799397EC26CE0E881A9F3475CEBCB499630730C575F809022000022000028CEBDFDFAAADFC7ADBFAD7166F39D588E8830008800008800053083CF2F0E1439BAFF50DD7060DEC675BED9685C6BAD2BC952B0A6BA9D40F0E674C0CE9963EC229100001100001107021C0B8FE7DC88824E1FC2442E1D6DDFB2E2CB00A02200002200002DD9500E3F23D09E44F5775141512C9C605FCEE7A54C32F10000110000157020CCCF7B72E7F7F85A2C673225D59601D04400004400004BA2B0106E6FB2BB5A7483439C30677D798C22F100001100001107025C0C07CDF788B74EFB1800008800008800093083030DF8F4D9A4BA6E517CAF79EBDF53393420D5F410004400004184C8071F7E3D1B1BEABFBE2E3F51FEC3B6BBE037F5EFED1654F31F81080EB2000022000020C20C0C0FE3D03A20A1741000440000440C09900639EA76B77BBB1F293D7DEDB4725BDB56DDDBF8D1DD0C3BE032510000110000110E8AE0418D8BF3F5BBA970CE4A70AE722D977D7A31A7E810008800008B8126060BE0F19803BEF5D0F03AC8300088000087473020CCCF79151E348507597AF75F3D0C23D10000110000110B0116060BE1F30EC71D2C1AFD4E12E7CDB5180020880000880407727C0C07C4F0D1DC2A1A8C62BFA5BDD3DB8F00F044000044000042C041897EFC9EFE1CA779612EF07F4ED8DA3000440000440000418428031F7E39DCC9BBC64B73DA851E9339F214FD9C302022000022000028C20C0987C6F8DE680A8B1E39F9B97FEEACCB148F7562678070110000110E8F60418F93CDD6E1F55380802200002200002CE041877FDDED97DAC8100088000088000230820DF3322CC7012044000044080E10490EF197E00C07D100001100001461040BE674498E124088000088000C30920DF33FC0080FB2000022000028C20807CCF8830C349100001100001861340BE67F80100F7410004400004184100F99E116186932000022000020C27807CCFF00300EE830008800008308200F23D23C20C27410004400004184E00F99EE10700DC070110000110600401E47B4684194E820008800008309C00F23DC30F00B80F0220000220C008027EFD3D5CEB6FCC0F881A9F3475CEBCB49963073002229C040110000110008120271090FEFDADDACAAFB7AD7F6DF196538D41EE3ECC0301100001100001461078E4E1C3873647EB1BAE0D1AD8CFB6EA75A1B1AE346FE58AC25A2AF583C3191343BCD6838A2000022000022000027E211090FE7DC88824E1FC2462DFADBBF7FD622594800008800008800008F8422020F99E18F4D3551D458544B27101DF97E8A02E08800008800008F8874080F2FDADCBDF5FA1A8F19C48FF58092D200002200002200002BE100850BEBF527B8A58C51936D817DB50170440000440000440C03F040294EF1B6F91EE3D16100001100001100081E02010A07C3F36692E99965F28DF7BF6D6CFC1E128AC0001100001100001061308C8FD7834CFBBBA2F3E5EFFC1BEB3E63BF0E7E51F5DF6148331C37510000110000110E8540201EADF77AA4F681C0440000440000440C099805F9FA76B57DD58F9C96BEFEDA392DEDAB6EEDFC60EE861DF8112088000088000088040C7130850FFFE6CE95E32909F2A9C8B64DFF131458B20000220000220E04A2040F93E6400EEBC77458D7510000110000110E8340201CAF79151E3884BBACBD73ACD31340C0220000220000220602310A07C3F60D8E3A4835FA9C35DF836D2288000088000088040E7110850BEA7860EE15054E315FDADCE730D2D83000880000880000858080424DF93DFC395EF2C252D0CE8DB1BA44100044000044000043A9D805FEFC73B993779C96EBB4B51E9339F214FD9C3020220000220000220D0C904FC9AEFADBE0C881A3BFEB979E9AFCE1C8B746F65827710000110000110E84402017B9E6E27FA84A64100044000044000049C0904E4FABD731358030110000110000110E86402C8F79D1C00340F022000022000021D4000F9BE0320A30910000110000110E86402C8F79D1C00340F022000022000021D4000F9BE0320A30910000110000110E86402C8F79D1C00340F022000022000021D4000F9BE0320A30910000110000110E86402FF1F37AC06BE652E68DE0000000049454E44AE426082, '这是我们的事业', '2025-01-02 15:47:46', '2025-01-02 15:47:46', 0, 4);
INSERT INTO `t_article` VALUES (2, '未来的', NULL, '是未来的选择', '2025-01-02 17:25:57', '2025-01-02 17:25:57', 0, 5);
INSERT INTO `t_article` VALUES (3, '可能的', NULL, '可能的去向', '2025-01-02 17:25:59', '2025-01-02 17:25:59', 0, 5);
INSERT INTO `t_article` VALUES (4, '实现的', NULL, '', '2025-01-02 17:26:02', '2025-01-02 17:26:02', 0, 5);

-- ----------------------------
-- Table structure for t_article_category_rel
-- ----------------------------
DROP TABLE IF EXISTS `t_article_category_rel`;
CREATE TABLE `t_article_category_rel`  (
  `id` bigint UNSIGNED NOT NULL AUTO_INCREMENT COMMENT 'id',
  `article_id` bigint UNSIGNED NOT NULL COMMENT '文章id',
  `category_id` bigint UNSIGNED NOT NULL COMMENT '分类id',
  PRIMARY KEY (`id`) USING BTREE,
  UNIQUE INDEX `uni_article_id`(`article_id` ASC) USING BTREE,
  INDEX `idx_category_id`(`category_id` ASC) USING BTREE
) ENGINE = InnoDB CHARACTER SET = utf8mb4 COLLATE = utf8mb4_general_ci COMMENT = '文章所属分类映射表' ROW_FORMAT = DYNAMIC;

-- ----------------------------
-- Records of t_article_category_rel
-- ----------------------------
INSERT INTO `t_article_category_rel` VALUES (1, 1, 1);
INSERT INTO `t_article_category_rel` VALUES (2, 2, 2);
INSERT INTO `t_article_category_rel` VALUES (3, 3, 3);
INSERT INTO `t_article_category_rel` VALUES (4, 4, 4);

-- ----------------------------
-- Table structure for t_article_content
-- ----------------------------
DROP TABLE IF EXISTS `t_article_content`;
CREATE TABLE `t_article_content`  (
  `id` bigint UNSIGNED NOT NULL AUTO_INCREMENT COMMENT '文章内容id',
  `article_id` bigint NOT NULL COMMENT '文章id',
  `content` text CHARACTER SET utf8mb4 COLLATE utf8mb4_general_ci NULL COMMENT '正文内容',
  PRIMARY KEY (`id`) USING BTREE,
  INDEX `idx_article_id`(`article_id` ASC) USING BTREE
) ENGINE = InnoDB CHARACTER SET = utf8mb4 COLLATE = utf8mb4_general_ci COMMENT = '文章内容表' ROW_FORMAT = DYNAMIC;

-- ----------------------------
-- Records of t_article_content
-- ----------------------------
INSERT INTO `t_article_content` VALUES (1, 1, '我们追寻我们需要的喜欢的所爱的');
INSERT INTO `t_article_content` VALUES (2, 2, '我们成就你的可能');
INSERT INTO `t_article_content` VALUES (3, 3, '我们代表未来的模样');
INSERT INTO `t_article_content` VALUES (4, 4, '我们实现你们需要的');

-- ----------------------------
-- Table structure for t_article_tag_rel
-- ----------------------------
DROP TABLE IF EXISTS `t_article_tag_rel`;
CREATE TABLE `t_article_tag_rel`  (
  `id` bigint UNSIGNED NOT NULL AUTO_INCREMENT COMMENT 'id',
  `article_id` bigint UNSIGNED NOT NULL COMMENT '文章id',
  `tag_id` bigint UNSIGNED NOT NULL COMMENT '标签id',
  PRIMARY KEY (`id`) USING BTREE,
  INDEX `idx_article_id`(`article_id` ASC) USING BTREE,
  INDEX `idx_tag_id`(`tag_id` ASC) USING BTREE
) ENGINE = InnoDB CHARACTER SET = utf8mb4 COLLATE = utf8mb4_general_ci COMMENT = '文章对应标签映射表' ROW_FORMAT = DYNAMIC;

-- ----------------------------
-- Records of t_article_tag_rel
-- ----------------------------
INSERT INTO `t_article_tag_rel` VALUES (1, 1, 1);
INSERT INTO `t_article_tag_rel` VALUES (2, 2, 2);
INSERT INTO `t_article_tag_rel` VALUES (3, 3, 3);
INSERT INTO `t_article_tag_rel` VALUES (4, 4, 4);

-- ----------------------------
-- Table structure for t_blog_setting
-- ----------------------------
DROP TABLE IF EXISTS `t_blog_setting`;
CREATE TABLE `t_blog_setting`  (
  `id` bigint UNSIGNED NOT NULL AUTO_INCREMENT COMMENT 'id',
  `blog_name` varchar(60) CHARACTER SET utf8mb4 COLLATE utf8mb4_general_ci NOT NULL DEFAULT '' COMMENT '博客名称',
  `author` varchar(60) CHARACTER SET utf8mb4 COLLATE utf8mb4_general_ci NOT NULL DEFAULT '' COMMENT '作者名',
  `introduction` varchar(200) CHARACTER SET utf8mb4 COLLATE utf8mb4_general_ci NOT NULL DEFAULT '' COMMENT '介绍语',
  `avatar` varchar(160) CHARACTER SET utf8mb4 COLLATE utf8mb4_general_ci NOT NULL DEFAULT '' COMMENT '作者头像',
  `github_home` varchar(120) CHARACTER SET utf8mb4 COLLATE utf8mb4_general_ci NULL DEFAULT '' COMMENT 'GitHub 主页访问地址',
  `csdn_home` varchar(120) CHARACTER SET utf8mb4 COLLATE utf8mb4_general_ci NULL DEFAULT '' COMMENT 'CSDN 主页访问地址',
  `gitee_home` varchar(120) CHARACTER SET utf8mb4 COLLATE utf8mb4_general_ci NULL DEFAULT '' COMMENT 'Gitee 主页访问地址',
  `zhihu_home` varchar(120) CHARACTER SET utf8mb4 COLLATE utf8mb4_general_ci NULL DEFAULT '' COMMENT '知乎主页访问地址',
  PRIMARY KEY (`id`) USING BTREE
) ENGINE = InnoDB AUTO_INCREMENT = 1 CHARACTER SET = utf8mb4 COLLATE = utf8mb4_general_ci COMMENT = '博客设置表' ROW_FORMAT = DYNAMIC;

-- ----------------------------
-- Records of t_blog_setting
-- ----------------------------
INSERT INTO `t_blog_setting` VALUES (1, 'Weblog', '平凡人', '我们都很简单', 'https://www.bilibili.com/', '', '', '', '');

-- ----------------------------
-- Table structure for t_category
-- ----------------------------
DROP TABLE IF EXISTS `t_category`;
CREATE TABLE `t_category`  (
  `id` bigint UNSIGNED NOT NULL AUTO_INCREMENT COMMENT '标签id',
  `name` varchar(60) CHARACTER SET utf8mb4 COLLATE utf8mb4_general_ci NOT NULL DEFAULT '' COMMENT '分类名称',
  `create_time` datetime NOT NULL DEFAULT CURRENT_TIMESTAMP COMMENT '创建时间',
  `update_time` datetime NOT NULL DEFAULT CURRENT_TIMESTAMP COMMENT '最后一次更新时间',
  `is_deleted` tinyint NOT NULL DEFAULT 0 COMMENT '删除标志位：0：未删除 1：已删除',
  PRIMARY KEY (`id`) USING BTREE,
  UNIQUE INDEX `uni_name`(`name` ASC) USING BTREE,
  INDEX `idx_create_time`(`create_time` ASC) USING BTREE
) ENGINE = InnoDB CHARACTER SET = utf8mb4 COLLATE = utf8mb4_general_ci COMMENT = '文章分类表' ROW_FORMAT = DYNAMIC;

-- ----------------------------
-- Records of t_category
-- ----------------------------
INSERT INTO `t_category` VALUES (1, '就业方面', '2025-01-02 15:55:04', '2025-01-02 15:55:04', 0);
INSERT INTO `t_category` VALUES (2, '技术方面', '2025-01-02 15:55:17', '2025-01-02 15:55:17', 0);
INSERT INTO `t_category` VALUES (3, '未来薪资', '2025-01-02 15:55:27', '2025-01-02 15:55:27', 0);
INSERT INTO `t_category` VALUES (4, '大方向', '2025-01-02 16:04:57', '2025-01-02 16:04:57', 0);

-- ----------------------------
-- Table structure for t_statistics_article_pv
-- ----------------------------
DROP TABLE IF EXISTS `t_statistics_article_pv`;
CREATE TABLE `t_statistics_article_pv`  (
  `id` bigint UNSIGNED NOT NULL AUTO_INCREMENT COMMENT 'id',
  `pv_date` date NOT NULL COMMENT '被统计的日期',
  `pv_count` bigint UNSIGNED NOT NULL COMMENT 'pv浏览量',
  `create_time` datetime NOT NULL DEFAULT CURRENT_TIMESTAMP COMMENT '创建时间',
  `update_time` datetime NOT NULL DEFAULT CURRENT_TIMESTAMP COMMENT '最后一次更新时间',
  PRIMARY KEY (`id`) USING BTREE,
  UNIQUE INDEX `uni_pv_date`(`pv_date` ASC) USING BTREE
) ENGINE = InnoDB CHARACTER SET = utf8mb4 COLLATE = utf8mb4_general_ci COMMENT = '统计表 - 文章 PV' ROW_FORMAT = DYNAMIC;

-- ----------------------------
-- Records of t_statistics_article_pv
-- ----------------------------
INSERT INTO `t_statistics_article_pv` VALUES (1, '2024-12-31', 1024, '2025-01-02 15:56:13', '2025-01-02 15:56:13');
INSERT INTO `t_statistics_article_pv` VALUES (2, '2024-11-27', 2048, '2025-01-02 15:56:25', '2025-01-02 15:56:25');
INSERT INTO `t_statistics_article_pv` VALUES (3, '2025-01-02', 15, '2025-01-02 16:08:10', '2025-01-02 16:08:09');

-- ----------------------------
-- Table structure for t_tag
-- ----------------------------
DROP TABLE IF EXISTS `t_tag`;
CREATE TABLE `t_tag`  (
  `id` bigint UNSIGNED NOT NULL AUTO_INCREMENT COMMENT '标签id',
  `name` varchar(60) CHARACTER SET utf8mb4 COLLATE utf8mb4_general_ci NOT NULL DEFAULT '' COMMENT '标签名称',
  `create_time` datetime NOT NULL DEFAULT CURRENT_TIMESTAMP COMMENT '创建时间',
  `update_time` datetime NOT NULL DEFAULT CURRENT_TIMESTAMP COMMENT '最后一次更新时间',
  `is_deleted` tinyint NOT NULL DEFAULT 0 COMMENT '删除标志位：0：未删除 1：已删除',
  PRIMARY KEY (`id`) USING BTREE,
  UNIQUE INDEX `uni_name`(`name` ASC) USING BTREE,
  INDEX `idx_create_time`(`create_time` ASC) USING BTREE
) ENGINE = InnoDB CHARACTER SET = utf8mb4 COLLATE = utf8mb4_general_ci COMMENT = '标签表' ROW_FORMAT = DYNAMIC;

-- ----------------------------
-- Records of t_tag
-- ----------------------------
INSERT INTO `t_tag` VALUES (1, '我们的未来', '2025-01-02 15:56:46', '2025-01-02 15:56:46', 0);
INSERT INTO `t_tag` VALUES (2, '要做的事', '2025-01-02 15:57:00', '2025-01-02 15:57:00', 0);
INSERT INTO `t_tag` VALUES (3, '前行者', '2025-01-02 16:02:44', '2025-01-02 16:02:44', 0);
INSERT INTO `t_tag` VALUES (4, '后退者', '2025-01-02 16:05:22', '2025-01-02 16:05:22', 0);

-- ----------------------------
-- Table structure for t_user
-- ----------------------------
DROP TABLE IF EXISTS `t_user`;
CREATE TABLE `t_user`  (
  `id` bigint UNSIGNED NOT NULL AUTO_INCREMENT COMMENT 'id',
  `username` varchar(60) CHARACTER SET utf8mb4 COLLATE utf8mb4_general_ci NOT NULL COMMENT '用户名',
  `password` varchar(60) CHARACTER SET utf8mb4 COLLATE utf8mb4_general_ci NOT NULL COMMENT '密码',
  `create_time` datetime NOT NULL DEFAULT CURRENT_TIMESTAMP COMMENT '创建时间',
  `update_time` datetime NOT NULL DEFAULT CURRENT_TIMESTAMP COMMENT '最后一次更新时间',
  `is_deleted` tinyint NOT NULL DEFAULT 0 COMMENT '删除标志位：0：未删除 1：已删除',
  PRIMARY KEY (`id`) USING BTREE,
  INDEX `idx_create_time`(`create_time` ASC) USING BTREE,
  INDEX `idx_username`(`username` ASC) USING BTREE
) ENGINE = InnoDB AUTO_INCREMENT = 2 CHARACTER SET = utf8mb4 COLLATE = utf8mb4_general_ci COMMENT = '用户表' ROW_FORMAT = DYNAMIC;

-- ----------------------------
-- Records of t_user
-- ----------------------------
INSERT INTO `t_user` VALUES (1, 'admin', '$2a$10$aGGgbab8HdmfxixuTwIYnOZxPH9hzrQuq1oRfLa91mVzSaRfgmtcu', '2023-07-03 11:57:18', '2023-07-08 08:24:36', 0);
INSERT INTO `t_user` VALUES (2, 'test', '$2a$10$L6ce4rQsyJ1k7ZCOfN6X4e5dHLyvg2X0t9JFEZBezDq0lds79Pxja', '2023-07-07 01:22:05', '2023-07-07 01:22:05', 0);
INSERT INTO `t_user` VALUES (3, 'zyy', 'zyy', '2025-01-02 15:57:23', '2025-01-02 15:57:23', 0);

-- ----------------------------
-- Table structure for t_user_role
-- ----------------------------
DROP TABLE IF EXISTS `t_user_role`;
CREATE TABLE `t_user_role`  (
  `id` bigint UNSIGNED NOT NULL AUTO_INCREMENT COMMENT 'id',
  `username` varchar(60) CHARACTER SET utf8mb4 COLLATE utf8mb4_general_ci NOT NULL COMMENT '用户名',
  `role` varchar(60) CHARACTER SET utf8mb4 COLLATE utf8mb4_general_ci NOT NULL COMMENT '角色',
  `create_time` datetime NOT NULL DEFAULT CURRENT_TIMESTAMP COMMENT '创建时间',
  PRIMARY KEY (`id`) USING BTREE,
  INDEX `idx_username`(`username` ASC) USING BTREE
) ENGINE = InnoDB AUTO_INCREMENT = 2 CHARACTER SET = utf8mb4 COLLATE = utf8mb4_general_ci COMMENT = '用户角色表' ROW_FORMAT = DYNAMIC;

-- ----------------------------
-- Records of t_user_role
-- ----------------------------
INSERT INTO `t_user_role` VALUES (1, 'admin', 'ROLE_ADMIN', '2023-07-07 01:21:15');
INSERT INTO `t_user_role` VALUES (2, 'test', 'ROLE_VISITOR', '2023-07-07 01:23:33');

-- ----------------------------
-- Table structure for t_visitor_record
-- ----------------------------
DROP TABLE IF EXISTS `t_visitor_record`;
CREATE TABLE `t_visitor_record`  (
  `id` bigint UNSIGNED NOT NULL AUTO_INCREMENT,
  `visitor` varchar(20) CHARACTER SET utf8mb4 COLLATE utf8mb4_general_ci NOT NULL DEFAULT 'agent',
  `ip_address` char(15) CHARACTER SET utf8mb4 COLLATE utf8mb4_general_ci NOT NULL DEFAULT '127.0.0.1',
  `ip_region` varchar(64) CHARACTER SET utf8mb4 COLLATE utf8mb4_general_ci NOT NULL DEFAULT '未知',
  `visit_time` datetime NOT NULL DEFAULT CURRENT_TIMESTAMP COMMENT '访问时间',
  `is_notify` tinyint UNSIGNED NOT NULL DEFAULT 0,
  PRIMARY KEY (`id`) USING BTREE,
  INDEX `ip_visit_time`(`ip_address` ASC, `visit_time` ASC) USING BTREE
) ENGINE = InnoDB AUTO_INCREMENT = 3 CHARACTER SET = utf8mb4 COLLATE = utf8mb4_general_ci COMMENT = '访客记录表' ROW_FORMAT = Dynamic;

-- ----------------------------
-- Records of t_visitor_record
-- ----------------------------
INSERT INTO `t_visitor_record` VALUES (1, 'agent', '0:0:0:0:0:0:0:1', '外太空', '2024-12-30 17:45:32', 0);
INSERT INTO `t_visitor_record` VALUES (2, 'agent', '0:0:0:0:0:0:0:1', '外太空', '2024-12-30 18:05:16', 0);
INSERT INTO `t_visitor_record` VALUES (3, 'agent', '0:0:0:0:0:0:0:1', '外太空', '2024-12-31 16:52:04', 0);
INSERT INTO `t_visitor_record` VALUES (4, 'agent', '0:0:0:0:0:0:0:1', '外太空', '2025-01-02 15:27:00', 0);
INSERT INTO `t_visitor_record` VALUES (5, 'agent', '0:0:0:0:0:0:0:1', '外太空', '2025-01-02 15:52:56', 0);
INSERT INTO `t_visitor_record` VALUES (6, 'agent', '0:0:0:0:0:0:0:1', '外太空', '2025-01-02 17:03:35', 0);
INSERT INTO `t_visitor_record` VALUES (7, 'agent', '0:0:0:0:0:0:0:1', '外太空', '2025-01-02 17:03:35', 0);

SET FOREIGN_KEY_CHECKS = 1;
